QB,RB,RB,WR,WR,WR,TE,FLEX,DST,,Instructions,,,,,,,,
11746355,11746771,11745841,11745908,11746176,11745815,11745830,11746004,11745892,,1. Locate the player you want to select in the list below ,,,,,,,,
11745798,11746771,11745777,11746745,11746724,11745949,11745843,11746782,11745892,,2. Copy the ID of your player (you can use the Name + ID column or the ID column) ,,,,,,,,
11746784,11745856,11746709,11746690,11746739,11746704,11745830,11746749,11746149,,3. Paste the ID into the roster position desired ,,,,,,,,
11745990,11746771,11746706,11746445,11745995,11745882,11746798,11745784,11746711,,4. You must include an ID for each player; you cannot use just the player's name ,,,,,,,,
11745990,11745856,11746695,11746690,11746669,11746699,11746688,11746749,11746638,,5. You can create up to 500 lineups per file ,,,,,,,,
11746784,11746782,11746634,11746690,11746669,11745779,11745843,11746004,11746638,,,,,,,,,,
11745922,11746791,11746782,11746445,11745908,11745936,11745830,11745771,11745892,,Position,Name + ID,Name,ID,Roster Position,Salary,Game Info,TeamAbbrev,AvgPointsPerGame
11746128,11745777,11746709,11746757,11746718,11746010,11745843,11746634,11745951,,RB,Christian McCaffrey (11746753),Christian McCaffrey,11746753,RB/FLEX,9300,CAR@CLE 12/09/2018 01:00PM ET,CAR,26.05
11746784,11746753,11746709,11746424,11745859,11745819,11745843,11746625,11745892,,WR,Antonio Brown (11746778),Antonio Brown,11746778,WR/FLEX,9000,PIT@OAK 12/09/2018 04:25PM ET,PIT,22.32
11746731,11746695,11746709,11746690,11745766,11745977,11745843,11745845,11745892,,RB,Saquon Barkley (11746791),Saquon Barkley,11746791,RB/FLEX,8900,NYG@WAS 12/09/2018 01:00PM ET,NYG,26.55
11746678,11745856,11746709,11746745,11745791,11745906,11745843,11745878,11745892,,RB,Todd Gurley II (11745801),Todd Gurley II,11745801,RB/FLEX,8800,LAR@CHI 12/09/2018 08:20PM ET,LAR,28.99
11746731,11746753,11745801,11746704,11746722,11746629,11745830,11746709,11745951,,WR,Michael Thomas (11746712),Michael Thomas,11746712,WR/FLEX,8600,NO@TB 12/09/2018 01:00PM ET,NO,21.5
11746784,11746753,11746709,11746445,11745787,11745977,11745843,11746634,11745892,,RB,Ezekiel Elliott (11746771),Ezekiel Elliott,11746771,RB/FLEX,8600,PHI@DAL 12/09/2018 04:25PM ET,DAL,23.44
11745858,11745856,11746695,11745821,11746718,11745927,11745830,11745823,11745892,,WR,Davante Adams (11746757),Davante Adams,11746757,WR/FLEX,8400,ATL@GB 12/09/2018 01:00PM ET,GB,22.88
11745858,11745801,11745777,11745821,11746722,11745852,11746167,11746695,11745892,,WR,Odell Beckham Jr. (11746745),Odell Beckham Jr.,11746745,WR/FLEX,8300,NYG@WAS 12/09/2018 01:00PM ET,NYG,20.53
11745922,11746753,11746771,11745787,11745819,11745815,11745830,11746709,11745951,,WR,JuJu Smith-Schuster (11746727),JuJu Smith-Schuster,11746727,WR/FLEX,8200,PIT@OAK 12/09/2018 04:25PM ET,PIT,19.89
11745858,11745856,11746782,11746445,11745766,11745803,11745830,11745771,11745951,,RB,Alvin Kamara (11745841),Alvin Kamara,11745841,RB/FLEX,8100,NO@TB 12/09/2018 01:00PM ET,NO,24.81
11745858,11746771,11746695,11746745,11746650,11746400,11745843,11746782,11745951,,WR,Adam Thielen (11746669),Adam Thielen,11746669,WR/FLEX,8100,MIN@SEA 12/10/2018 08:15PM ET,MIN,24.88
11745990,11746695,11745836,11746445,11746757,11746139,11745830,11745771,11746149,,WR,Tyreek Hill (11745766),Tyreek Hill,11745766,WR/FLEX,8000,BAL@KC 12/09/2018 01:00PM ET,KC,22.81
11745858,11746771,11746634,11745910,11745864,11746767,11745830,11746625,11746726,,RB,Melvin Gordon III (11745805),Melvin Gordon III,11745805,RB/FLEX,8000,CIN@LAC 12/09/2018 04:05PM ET,LAC,26.35
11746678,11745841,11745777,11745766,11746699,11745942,11745843,11746709,11745951,,WR,Julio Jones (11746690),Julio Jones,11746690,WR/FLEX,7900,ATL@GB 12/09/2018 01:00PM ET,ATL,21.62
11745922,11746753,11746771,11746010,11746650,11746724,11746735,11746634,11745951,,WR,DeAndre Hopkins (11745821),DeAndre Hopkins,11745821,WR/FLEX,7800,IND@HOU 12/09/2018 01:00PM ET,HOU,20.73
11745990,11745841,11746706,11746445,11745787,11745847,11745843,11746749,11745951,,RB,James Conner (11746741),James Conner,11746741,RB/FLEX,7600,PIT@OAK 12/09/2018 04:25PM ET,PIT,23.72
11746678,11746771,11746709,11746445,11746010,11745884,11745830,11745868,11745951,,WR,Mike Evans (11745791),Mike Evans,11745791,WR/FLEX,7500,NO@TB 12/09/2018 01:00PM ET,TB,19.26
11745858,11745801,11745777,11745859,11745923,11745986,11745843,11746695,11746638,,WR,Keenan Allen (11746445),Keenan Allen,11746445,WR/FLEX,7400,CIN@LAC 12/09/2018 04:05PM ET,LAC,19.18
11746784,11746791,11746709,11746690,11746718,11745986,11745830,11746782,11745951,,WR,Stefon Diggs (11745866),Stefon Diggs,11745866,WR/FLEX,7300,MIN@SEA 12/10/2018 08:15PM ET,MIN,20.24
11746392,11745841,11746695,11746445,11746010,11745852,11745794,11746706,11745892,,RB,Aaron Jones (11746755),Aaron Jones,11746755,RB/FLEX,7200,ATL@GB 12/09/2018 01:00PM ET,GB,15.5
11746731,11745856,11745769,11746690,11746176,11746139,11745843,11745940,11745892,,WR,Julian Edelman (11746210),Julian Edelman,11746210,WR/FLEX,7100,NE@MIA 12/09/2018 01:00PM ET,NE,16.82
11746701,11745856,11746695,11746010,11746739,11745852,11745862,11746749,11745951,,QB,Patrick Mahomes (11745796),Patrick Mahomes,11745796,QB,7000,BAL@KC 12/09/2018 01:00PM ET,KC,30.98
11745858,11746753,11746782,11746690,11746793,11745852,11745843,11745876,11746638,,WR,A.J. Green (11745832),A.J. Green,11745832,WR/FLEX,7000,CIN@LAC 12/09/2018 04:05PM ET,CIN,17.38
11746731,11746695,11746709,11745866,11746010,11746493,11745843,11746795,11745892,,RB,Leonard Fournette (11745769),Leonard Fournette,11745769,RB/FLEX,6800,JAX@TEN 12/06/2018 08:20PM ET,JAX,17.76
11746355,11746791,11745856,11746727,11746724,11746139,11745843,11746782,11745892,,WR,Brandin Cooks (11745908),Brandin Cooks,11745908,WR/FLEX,6800,LAR@CHI 12/09/2018 08:20PM ET,LAR,17.39
11745858,11746771,11745856,11745995,11745819,11745923,11745862,11745940,11745951,,QB,Ben Roethlisberger (11746774),Ben Roethlisberger,11746774,QB,6800,PIT@OAK 12/09/2018 04:25PM ET,PIT,25.18
,,,,,,,,,,TE,Travis Kelce (11745843),Travis Kelce,11745843,TE/FLEX,6700,BAL@KC 12/09/2018 01:00PM ET,KC,21.27
,,,,,,,,,,WR,Robert Woods (11745910),Robert Woods,11745910,WR/FLEX,6700,LAR@CHI 12/09/2018 08:20PM ET,LAR,17.69
,,,,,,,,,,RB,Nick Chubb (11745856),Nick Chubb,11745856,RB/FLEX,6700,CAR@CLE 12/09/2018 01:00PM ET,CLE,12.89
,,,,,,,,,,QB,Drew Brees (11746731),Drew Brees,11746731,QB,6600,NO@TB 12/09/2018 01:00PM ET,NO,23.85
,,,,,,,,,,RB,James White (11746639),James White,11746639,RB/FLEX,6600,NE@MIA 12/09/2018 01:00PM ET,NE,19.4
,,,,,,,,,,WR,Amari Cooper (11746739),Amari Cooper,11746739,WR/FLEX,6600,PHI@DAL 12/09/2018 04:25PM ET,DAL,14.12
,,,,,,,,,,QB,Philip Rivers (11746784),Philip Rivers,11746784,QB,6500,CIN@LAC 12/09/2018 04:05PM ET,LAC,21.8
,,,,,,,,,,RB,David Johnson (11745777),David Johnson,11745777,RB/FLEX,6500,DET@ARI 12/09/2018 04:25PM ET,ARI,16.08
,,,,,,,,,,RB,Tarik Cohen (11746780),Tarik Cohen,11746780,RB/FLEX,6400,LAR@CHI 12/09/2018 08:20PM ET,CHI,16.7
,,,,,,,,,,RB,Joe Mixon (11745775),Joe Mixon,11745775,RB/FLEX,6400,CIN@LAC 12/09/2018 04:05PM ET,CIN,17.31
,,,,,,,,,,TE,Zach Ertz (11745862),Zach Ertz,11745862,TE/FLEX,6400,PHI@DAL 12/09/2018 04:25PM ET,PHI,19.9
,,,,,,,,,,WR,Kenny Golladay (11745864),Kenny Golladay,11745864,WR/FLEX,6400,DET@ARI 12/09/2018 04:25PM ET,DET,14.77
,,,,,,,,,,WR,T.Y. Hilton (11746718),T.Y. Hilton,11746718,WR/FLEX,6300,IND@HOU 12/09/2018 01:00PM ET,IND,17.67
,,,,,,,,,,QB,Cam Newton (11745858),Cam Newton,11745858,QB,6300,CAR@CLE 12/09/2018 01:00PM ET,CAR,23.91
,,,,,,,,,,RB,Phillip Lindsay (11746787),Phillip Lindsay,11746787,RB/FLEX,6300,DEN@SF 12/09/2018 04:05PM ET,DEN,16.72
,,,,,,,,,,QB,Jameis Winston (11746678),Jameis Winston,11746678,QB,6200,NO@TB 12/09/2018 01:00PM ET,TB,21.19
,,,,,,,,,,WR,Emmanuel Sanders (11746010),Emmanuel Sanders,11746010,WR/FLEX,6200,DEN@SF 12/09/2018 04:05PM ET,DEN,17.27
,,,,,,,,,,RB,Austin Ekeler (11746695),Austin Ekeler,11746695,RB/FLEX,6200,CIN@LAC 12/09/2018 04:05PM ET,LAC,11.72
,,,,,,,,,,WR,Tyler Boyd (11746424),Tyler Boyd,11746424,WR/FLEX,6100,CIN@LAC 12/09/2018 04:05PM ET,CIN,17.34
,,,,,,,,,,QB,Russell Wilson (11745946),Russell Wilson,11745946,QB,6100,MIN@SEA 12/10/2018 08:15PM ET,SEA,20.42
,,,,,,,,,,WR,Josh Gordon (11746643),Josh Gordon,11746643,WR/FLEX,6000,NE@MIA 12/09/2018 01:00PM ET,NE,12.72
,,,,,,,,,,QB,Aaron Rodgers (11745922),Aaron Rodgers,11745922,QB,6000,ATL@GB 12/09/2018 01:00PM ET,GB,20.66
,,,,,,,,,,RB,Sony Michel (11745890),Sony Michel,11745890,RB/FLEX,5900,NE@MIA 12/09/2018 01:00PM ET,NE,12.77
,,,,,,,,,,QB,Deshaun Watson (11745898),Deshaun Watson,11745898,QB,5900,IND@HOU 12/09/2018 01:00PM ET,HOU,21.31
,,,,,,,,,,QB,Andrew Luck (11746645),Andrew Luck,11746645,QB,5900,IND@HOU 12/09/2018 01:00PM ET,IND,23.17
,,,,,,,,,,QB,Tom Brady (11746207),Tom Brady,11746207,QB,5800,NE@MIA 12/09/2018 01:00PM ET,NE,19.37
,,,,,,,,,,QB,Jared Goff (11745798),Jared Goff,11745798,QB,5800,LAR@CHI 12/09/2018 08:20PM ET,LAR,24.15
,,,,,,,,,,QB,Baker Mayfield (11746685),Baker Mayfield,11746685,QB,5800,CAR@CLE 12/09/2018 01:00PM ET,CLE,18.63
,,,,,,,,,,WR,Jarvis Landry (11746751),Jarvis Landry,11746751,WR/FLEX,5800,CAR@CLE 12/09/2018 01:00PM ET,CLE,13.52
,,,,,,,,,,RB,Dalvin Cook (11745836),Dalvin Cook,11745836,RB/FLEX,5800,MIN@SEA 12/10/2018 08:15PM ET,MIN,11.66
,,,,,,,,,,RB,Mark Ingram (11746151),Mark Ingram,11746151,RB/FLEX,5700,NO@TB 12/09/2018 01:00PM ET,NO,13.78
,,,,,,,,,,QB,Lamar Jackson (11745893),Lamar Jackson,11745893,QB,5700,BAL@KC 12/09/2018 01:00PM ET,BAL,7.25
,,,,,,,,,,TE,Eric Ebron (11746798),Eric Ebron,11746798,TE/FLEX,5700,IND@HOU 12/09/2018 01:00PM ET,IND,15.51
,,,,,,,,,,WR,D.J. Moore (11746648),D.J. Moore,11746648,WR/FLEX,5700,CAR@CLE 12/09/2018 01:00PM ET,CAR,10.91
,,,,,,,,,,QB,Mitchell Trubisky (11745990),Mitchell Trubisky,11745990,QB,5600,LAR@CHI 12/09/2018 08:20PM ET,CHI,24.01
,,,,,,,,,,WR,Allen Robinson II (11745995),Allen Robinson II,11745995,WR/FLEX,5600,LAR@CHI 12/09/2018 08:20PM ET,CHI,12.53
,,,,,,,,,,QB,Matt Ryan (11746355),Matt Ryan,11746355,QB,5600,ATL@GB 12/09/2018 01:00PM ET,ATL,24.22
,,,,,,,,,,QB,Dak Prescott (11746701),Dak Prescott,11746701,QB,5600,PHI@DAL 12/09/2018 04:25PM ET,DAL,17.92
,,,,,,,,,,WR,Tyler Lockett (11745947),Tyler Lockett,11745947,WR/FLEX,5600,MIN@SEA 12/10/2018 08:15PM ET,SEA,14.84
,,,,,,,,,,QB,Kirk Cousins (11746668),Kirk Cousins,11746668,QB,5600,MIN@SEA 12/10/2018 08:15PM ET,MIN,21.23
,,,,,,,,,,QB,Josh Allen (11746671),Josh Allen,11746671,QB,5500,NYJ@BUF 12/09/2018 01:00PM ET,BUF,16.1
,,,,,,,,,,TE,George Kittle (11745830),George Kittle,11745830,TE/FLEX,5500,DEN@SF 12/09/2018 04:05PM ET,SF,14.86
,,,,,,,,,,WR,Alshon Jeffery (11746493),Alshon Jeffery,11746493,WR/FLEX,5500,PHI@DAL 12/09/2018 04:25PM ET,PHI,13.24
,,,,,,,,,,RB,Kerryon Johnson (11746706),Kerryon Johnson,11746706,RB/FLEX,5500,DET@ARI 12/09/2018 04:25PM ET,DET,14.64
,,,,,,,,,,RB,Chris Thompson (11746785),Chris Thompson,11746785,RB/FLEX,5400,NYG@WAS 12/09/2018 01:00PM ET,WAS,11.88
,,,,,,,,,,QB,Carson Wentz (11746022),Carson Wentz,11746022,QB,5400,PHI@DAL 12/09/2018 04:25PM ET,PHI,20.18
,,,,,,,,,,QB,Joe Flacco (11745982),Joe Flacco,11745982,QB,5300,BAL@KC 12/09/2018 01:00PM ET,BAL,16.68
,,,,,,,,,,RB,Josh Adams (11746656),Josh Adams,11746656,RB/FLEX,5300,PHI@DAL 12/09/2018 04:25PM ET,PHI,5.81
,,,,,,,,,,RB,Spencer Ware (11746795),Spencer Ware,11746795,RB/FLEX,5200,BAL@KC 12/09/2018 01:00PM ET,KC,5.09
,,,,,,,,,,WR,Calvin Ridley (11745919),Calvin Ridley,11745919,WR/FLEX,5200,ATL@GB 12/09/2018 01:00PM ET,ATL,13.95
,,,,,,,,,,QB,Case Keenum (11746392),Case Keenum,11746392,QB,5200,DEN@SF 12/09/2018 04:05PM ET,DEN,15.18
,,,,,,,,,,QB,Matthew Stafford (11745934),Matthew Stafford,11745934,QB,5200,DET@ARI 12/09/2018 04:25PM ET,DET,16.34
,,,,,,,,,,TE,Jared Cook (11746763),Jared Cook,11746763,TE/FLEX,5200,PIT@OAK 12/09/2018 04:25PM ET,OAK,14.16
,,,,,,,,,,WR,Corey Davis (11745810),Corey Davis,11745810,WR/FLEX,5100,JAX@TEN 12/06/2018 08:20PM ET,TEN,13.48
,,,,,,,,,,QB,Eli Manning (11746631),Eli Manning,11746631,QB,5100,NYG@WAS 12/09/2018 01:00PM ET,NYG,16.28
,,,,,,,,,,RB,Lamar Miller (11746749),Lamar Miller,11746749,RB/FLEX,5100,IND@HOU 12/09/2018 01:00PM ET,HOU,14.09
,,,,,,,,,,RB,LeSean McCoy (11746625),LeSean McCoy,11746625,RB/FLEX,5000,NYJ@BUF 12/09/2018 01:00PM ET,BUF,10.26
,,,,,,,,,,WR,Sammy Watkins (11745819),Sammy Watkins,11745819,WR/FLEX,5000,BAL@KC 12/09/2018 01:00PM ET,KC,12.11
,,,,,,,,,,QB,Derek Carr (11746543),Derek Carr,11746543,QB,5000,PIT@OAK 12/09/2018 04:25PM ET,OAK,16.55
,,,,,,,,,,QB,Marcus Mariota (11745838),Marcus Mariota,11745838,QB,4900,JAX@TEN 12/06/2018 08:20PM ET,TEN,15.95
,,,,,,,,,,WR,Adam Humphries (11746776),Adam Humphries,11746776,WR/FLEX,4900,NO@TB 12/09/2018 01:00PM ET,TB,12.06
,,,,,,,,,,WR,Chris Godwin (11746793),Chris Godwin,11746793,WR/FLEX,4900,NO@TB 12/09/2018 01:00PM ET,TB,12.8
,,,,,,,,,,RB,Matt Breida (11745773),Matt Breida,11745773,RB/FLEX,4900,DEN@SF 12/09/2018 04:05PM ET,SF,12.86
,,,,,,,,,,WR,Larry Fitzgerald (11745936),Larry Fitzgerald,11745936,WR/FLEX,4900,DET@ARI 12/09/2018 04:25PM ET,ARI,11.07
,,,,,,,,,,RB,Chris Carson (11745868),Chris Carson,11745868,RB/FLEX,4900,MIN@SEA 12/10/2018 08:15PM ET,SEA,12.71
,,,,,,,,,,RB,Adrian Peterson (11746634),Adrian Peterson,11746634,RB/FLEX,4800,NYG@WAS 12/09/2018 01:00PM ET,WAS,14.28
,,,,,,,,,,WR,DeSean Jackson (11746176),DeSean Jackson,11746176,WR/FLEX,4800,NO@TB 12/09/2018 01:00PM ET,TB,14.23
,,,,,,,,,,TE,Rob Gronkowski (11745794),Rob Gronkowski,11745794,TE/FLEX,4800,NE@MIA 12/09/2018 01:00PM ET,NE,11.33
,,,,,,,,,,QB,Ryan Tannehill (11745974),Ryan Tannehill,11745974,QB,4800,NE@MIA 12/09/2018 01:00PM ET,MIA,15.07
,,,,,,,,,,WR,Golden Tate (11746704),Golden Tate,11746704,WR/FLEX,4800,PHI@DAL 12/09/2018 04:25PM ET,PHI,15.21
,,,,,,,,,,WR,Doug Baldwin (11745787),Doug Baldwin,11745787,WR/FLEX,4800,MIN@SEA 12/10/2018 08:15PM ET,SEA,8.78
,,,,,,,,,,QB,Colt McCoy (11745965),Colt McCoy,11745965,QB,4700,NYG@WAS 12/09/2018 01:00PM ET,WAS,10.06
,,,,,,,,,,WR,Devin Funchess (11745859),Devin Funchess,11745859,WR/FLEX,4700,CAR@CLE 12/09/2018 01:00PM ET,CAR,10.78
,,,,,,,,,,WR,Marquise Goodwin (11745803),Marquise Goodwin,11745803,WR/FLEX,4700,DEN@SF 12/09/2018 04:05PM ET,SF,9.85
,,,,,,,,,,QB,Josh Rosen (11745935),Josh Rosen,11745935,QB,4700,DET@ARI 12/09/2018 04:25PM ET,ARI,10.36
,,,,,,,,,,RB,Theo Riddick (11746509),Theo Riddick,11746509,RB/FLEX,4700,DET@ARI 12/09/2018 04:25PM ET,DET,9.22
,,,,,,,,,,TE,Jordan Reed (11745799),Jordan Reed,11745799,TE/FLEX,4600,NYG@WAS 12/09/2018 01:00PM ET,WAS,10.07
,,,,,,,,,,RB,Marlon Mack (11745823),Marlon Mack,11745823,RB/FLEX,4600,IND@HOU 12/09/2018 01:00PM ET,IND,14.91
,,,,,,,,,,WR,Josh Reynolds (11745854),Josh Reynolds,11745854,WR/FLEX,4600,LAR@CHI 12/09/2018 08:20PM ET,LAR,4.46
,,,,,,,,,,QB,Chase Daniel (11745905),Chase Daniel,11745905,QB,4600,LAR@CHI 12/09/2018 08:20PM ET,CHI,6.54
,,,,,,,,,,QB,Nick Mullens (11746012),Nick Mullens,11746012,QB,4600,DEN@SF 12/09/2018 04:05PM ET,SF,17.92
,,,,,,,,,,WR,Tyrell Williams (11746699),Tyrell Williams,11746699,WR/FLEX,4600,CIN@LAC 12/09/2018 04:05PM ET,LAC,9.98
,,,,,,,,,,WR,Christian Kirk (11746529),Christian Kirk,11746529,WR/FLEX,4600,DET@ARI 12/09/2018 04:25PM ET,ARI,10.29
,,,,,,,,,,WR,Josh Doctson (11746137),Josh Doctson,11746137,WR/FLEX,4500,NYG@WAS 12/09/2018 01:00PM ET,WAS,7.77
,,,,,,,,,,WR,Tre'Quan Smith (11745884),Tre'Quan Smith,11745884,WR/FLEX,4500,NO@TB 12/09/2018 01:00PM ET,NO,8.1
,,,,,,,,,,QB,Ryan Fitzpatrick (11745971),Ryan Fitzpatrick,11745971,QB,4500,NO@TB 12/09/2018 01:00PM ET,TB,23.86
,,,,,,,,,,RB,Kenyan Drake (11745975),Kenyan Drake,11745975,RB/FLEX,4500,NE@MIA 12/09/2018 01:00PM ET,MIA,13.5
,,,,,,,,,,RB,Gus Edwards (11745845),Gus Edwards,11745845,RB/FLEX,4500,BAL@KC 12/09/2018 01:00PM ET,BAL,7.66
,,,,,,,,,,QB,Robert Griffin III (11746247),Robert Griffin III,11746247,QB,4500,BAL@KC 12/09/2018 01:00PM ET,BAL,0.42
,,,,,,,,,,WR,Courtland Sutton (11746722),Courtland Sutton,11746722,WR/FLEX,4500,DEN@SF 12/09/2018 04:05PM ET,DEN,8.48
,,,,,,,,,,QB,Nick Foles (11746485),Nick Foles,11746485,QB,4500,PHI@DAL 12/09/2018 04:25PM ET,PHI,12.87
,,,,,,,,,,QB,Joshua Dobbs (11746564),Joshua Dobbs,11746564,QB,4500,PIT@OAK 12/09/2018 04:25PM ET,PIT,0.09
,,,,,,,,,,QB,Mason Rudolph (11746708),Mason Rudolph,11746708,QB,4500,PIT@OAK 12/09/2018 04:25PM ET,PIT,0
,,,,,,,,,,RB,Dion Lewis (11745771),Dion Lewis,11745771,RB/FLEX,4400,JAX@TEN 12/06/2018 08:20PM ET,TEN,11.11
,,,,,,,,,,QB,Cody Kessler (11745952),Cody Kessler,11745952,QB,4400,JAX@TEN 12/06/2018 08:20PM ET,JAX,9.42
,,,,,,,,,,QB,Matt Barkley (11745957),Matt Barkley,11745957,QB,4400,NYJ@BUF 12/09/2018 01:00PM ET,BUF,17.08
,,,,,,,,,,QB,Sam Darnold (11745962),Sam Darnold,11745962,QB,4400,NYJ@BUF 12/09/2018 01:00PM ET,NYJ,13.5
,,,,,,,,,,QB,Josh McCown (11746094),Josh McCown,11746094,QB,4400,NYJ@BUF 12/09/2018 01:00PM ET,NYJ,8.25
,,,,,,,,,,WR,Sterling Shepard (11745882),Sterling Shepard,11745882,WR/FLEX,4400,NYG@WAS 12/09/2018 01:00PM ET,NYG,11.79
,,,,,,,,,,QB,Teddy Bridgewater (11745968),Teddy Bridgewater,11745968,QB,4400,NO@TB 12/09/2018 01:00PM ET,NO,-0.18
,,,,,,,,,,QB,Brian Hoyer (11745979),Brian Hoyer,11745979,QB,4400,NE@MIA 12/09/2018 01:00PM ET,NE,-0.01
,,,,,,,,,,WR,Keke Coutee (11745849),Keke Coutee,11745849,WR/FLEX,4400,IND@HOU 12/09/2018 01:00PM ET,HOU,10.95
,,,,,,,,,,WR,Marquez Valdes-Scantling (11745779),Marquez Valdes-Scantling,11745779,WR/FLEX,4400,ATL@GB 12/09/2018 01:00PM ET,GB,7.59
,,,,,,,,,,RB,Tevin Coleman (11746004),Tevin Coleman,11746004,RB/FLEX,4400,ATL@GB 12/09/2018 01:00PM ET,ATL,12.79
,,,,,,,,,,TE,Jimmy Graham (11746737),Jimmy Graham,11746737,TE/FLEX,4400,ATL@GB 12/09/2018 01:00PM ET,GB,9.38
,,,,,,,,,,QB,C.J. Beathard (11745861),C.J. Beathard,11745861,QB,4400,DEN@SF 12/09/2018 04:05PM ET,SF,14.66
,,,,,,,,,,WR,Dante Pettis (11746769),Dante Pettis,11746769,WR/FLEX,4400,DEN@SF 12/09/2018 04:05PM ET,SF,8.24
,,,,,,,,,,QB,Jeff Driskel (11746019),Jeff Driskel,11746019,QB,4400,CIN@LAC 12/09/2018 04:05PM ET,CIN,8.44
,,,,,,,,,,QB,Blake Bortles (11745812),Blake Bortles,11745812,QB,4300,JAX@TEN 12/06/2018 08:20PM ET,JAX,17.4
,,,,,,,,,,QB,Brock Osweiler (11746185),Brock Osweiler,11746185,QB,4300,NE@MIA 12/09/2018 01:00PM ET,MIA,12.66
,,,,,,,,,,WR,DeVante Parker (11746747),DeVante Parker,11746747,WR/FLEX,4300,NE@MIA 12/09/2018 01:00PM ET,MIA,8.26
,,,,,,,,,,WR,Michael Crabtree (11745983),Michael Crabtree,11745983,WR/FLEX,4300,BAL@KC 12/09/2018 01:00PM ET,BAL,9.97
,,,,,,,,,,QB,Chad Henne (11746226),Chad Henne,11746226,QB,4300,BAL@KC 12/09/2018 01:00PM ET,KC,0
,,,,,,,,,,WR,Anthony Miller (11745906),Anthony Miller,11745906,WR/FLEX,4300,LAR@CHI 12/09/2018 08:20PM ET,CHI,10.06
,,,,,,,,,,QB,Sean Mannion (11745997),Sean Mannion,11745997,QB,4300,LAR@CHI 12/09/2018 08:20PM ET,LAR,0.1
,,,,,,,,,,WR,Randall Cobb (11745923),Randall Cobb,11745923,WR/FLEX,4300,ATL@GB 12/09/2018 01:00PM ET,GB,10.88
,,,,,,,,,,WR,Mohamed Sanu (11746364),Mohamed Sanu,11746364,WR/FLEX,4300,ATL@GB 12/09/2018 01:00PM ET,ATL,10.46
,,,,,,,,,,QB,DeShone Kizer (11746376),DeShone Kizer,11746376,QB,4300,ATL@GB 12/09/2018 01:00PM ET,GB,0.2
,,,,,,,,,,TE,Austin Hooper (11746735),Austin Hooper,11746735,TE/FLEX,4300,ATL@GB 12/09/2018 01:00PM ET,ATL,11.5
,,,,,,,,,,QB,Geno Smith (11746440),Geno Smith,11746440,QB,4300,CIN@LAC 12/09/2018 04:05PM ET,LAC,0.18
,,,,,,,,,,RB,Doug Martin (11746660),Doug Martin,11746660,RB/FLEX,4300,PIT@OAK 12/09/2018 04:25PM ET,OAK,6.76
,,,,,,,,,,QB,Trevor Siemian (11746032),Trevor Siemian,11746032,QB,4300,MIN@SEA 12/10/2018 08:15PM ET,MIN,0
,,,,,,,,,,QB,Blaine Gabbert (11745809),Blaine Gabbert,11745809,QB,4200,JAX@TEN 12/06/2018 08:20PM ET,TEN,4.1
,,,,,,,,,,WR,Zay Jones (11746767),Zay Jones,11746767,WR/FLEX,4200,NYJ@BUF 12/09/2018 01:00PM ET,BUF,9.41
,,,,,,,,,,WR,John Brown (11745896),John Brown,11745896,WR/FLEX,4200,BAL@KC 12/09/2018 01:00PM ET,BAL,10.94
,,,,,,,,,,QB,Jacoby Brissett (11745851),Jacoby Brissett,11745851,QB,4200,IND@HOU 12/09/2018 01:00PM ET,IND,-0.16
,,,,,,,,,,QB,Brandon Weeden (11745899),Brandon Weeden,11745899,QB,4200,IND@HOU 12/09/2018 01:00PM ET,HOU,-0.1
,,,,,,,,,,RB,Nyheim Hines (11746646),Nyheim Hines,11746646,RB/FLEX,4200,IND@HOU 12/09/2018 01:00PM ET,IND,10.47
,,,,,,,,,,QB,Tyrod Taylor (11745914),Tyrod Taylor,11745914,QB,4200,CAR@CLE 12/09/2018 01:00PM ET,CLE,10.86
,,,,,,,,,,QB,Cooper Rush (11746461),Cooper Rush,11746461,QB,4200,PHI@DAL 12/09/2018 04:25PM ET,DAL,0
,,,,,,,,,,QB,Mike Glennon (11746029),Mike Glennon,11746029,QB,4200,DET@ARI 12/09/2018 04:25PM ET,ARI,0
,,,,,,,,,,QB,AJ McCarron (11746544),AJ McCarron,11746544,QB,4200,PIT@OAK 12/09/2018 04:25PM ET,OAK,0.06
,,,,,,,,,,WR,Jordy Nelson (11746761),Jordy Nelson,11746761,WR/FLEX,4200,PIT@OAK 12/09/2018 04:25PM ET,OAK,9.34
,,,,,,,,,,QB,Brett Hundley (11746602),Brett Hundley,11746602,QB,4200,MIN@SEA 12/10/2018 08:15PM ET,SEA,0
,,,,,,,,,,RB,Wayne Gallman Jr. (11746743),Wayne Gallman Jr.,11746743,RB/FLEX,4100,NYG@WAS 12/09/2018 01:00PM ET,NYG,2.54
,,,,,,,,,,WR,Kenny Stills (11746714),Kenny Stills,11746714,WR/FLEX,4100,NE@MIA 12/09/2018 01:00PM ET,MIA,8.72
,,,,,,,,,,WR,Demaryius Thomas (11745902),Demaryius Thomas,11745902,WR/FLEX,4100,IND@HOU 12/09/2018 01:00PM ET,HOU,11.02
,,,,,,,,,,RB,Jalen Richard (11745940),Jalen Richard,11745940,RB/FLEX,4100,PIT@OAK 12/09/2018 04:25PM ET,OAK,10.35
,,,,,,,,,,WR,David Moore (11745949),David Moore,11745949,WR/FLEX,4100,MIN@SEA 12/10/2018 08:15PM ET,SEA,8.07
,,,,,,,,,,RB,T.J. Yeldon (11745813),T.J. Yeldon,11745813,RB/FLEX,4000,JAX@TEN 12/06/2018 08:20PM ET,JAX,14.11
,,,,,,,,,,QB,Derek Anderson (11746075),Derek Anderson,11746075,QB,4000,NYJ@BUF 12/09/2018 01:00PM ET,BUF,6.25
,,,,,,,,,,QB,Davis Webb (11746095),Davis Webb,11746095,QB,4000,NYJ@BUF 12/09/2018 01:00PM ET,NYJ,0
,,,,,,,,,,WR,Trey Quinn (11745966),Trey Quinn,11745966,WR/FLEX,4000,NYG@WAS 12/09/2018 01:00PM ET,WAS,7.5
,,,,,,,,,,QB,Kyle Lauletta (11746110),Kyle Lauletta,11746110,QB,4000,NYG@WAS 12/09/2018 01:00PM ET,NYG,0
,,,,,,,,,,QB,Alex Tanney (11746111),Alex Tanney,11746111,QB,4000,NYG@WAS 12/09/2018 01:00PM ET,NYG,0
,,,,,,,,,,QB,Mark Sanchez (11746128),Mark Sanchez,11746128,QB,4000,NYG@WAS 12/09/2018 01:00PM ET,WAS,3.8
,,,,,,,,,,WR,Jamison Crowder (11746139),Jamison Crowder,11746139,WR/FLEX,4000,NYG@WAS 12/09/2018 01:00PM ET,WAS,8.6
,,,,,,,,,,QB,Taysom Hill (11746150),Taysom Hill,11746150,QB,4000,NO@TB 12/09/2018 01:00PM ET,NO,2.26
,,,,,,,,,,QB,Ryan Griffin (11746171),Ryan Griffin,11746171,QB,4000,NO@TB 12/09/2018 01:00PM ET,TB,0
,,,,,,,,,,WR,Danny Amendola (11745977),Danny Amendola,11745977,WR/FLEX,4000,NE@MIA 12/09/2018 01:00PM ET,MIA,9.64
,,,,,,,,,,QB,David Fales (11746186),David Fales,11746186,QB,4000,NE@MIA 12/09/2018 01:00PM ET,MIA,0
,,,,,,,,,,RB,Ty Montgomery (11746733),Ty Montgomery,11746733,RB/FLEX,4000,BAL@KC 12/09/2018 01:00PM ET,BAL,6.79
,,,,,,,,,,QB,Joe Webb III (11746264),Joe Webb III,11746264,QB,4000,IND@HOU 12/09/2018 01:00PM ET,HOU,0
,,,,,,,,,,QB,Tyler Bray (11746295),Tyler Bray,11746295,QB,4000,LAR@CHI 12/09/2018 08:20PM ET,CHI,0
,,,,,,,,,,QB,Drew Stanton (11746328),Drew Stanton,11746328,QB,4000,CAR@CLE 12/09/2018 01:00PM ET,CLE,0
,,,,,,,,,,QB,Taylor Heinicke (11746339),Taylor Heinicke,11746339,QB,4000,CAR@CLE 12/09/2018 01:00PM ET,CAR,0.08
,,,,,,,,,,WR,Curtis Samuel (11746650),Curtis Samuel,11746650,WR/FLEX,4000,CAR@CLE 12/09/2018 01:00PM ET,CAR,10.67
,,,,,,,,,,QB,Matt Schaub (11745829),Matt Schaub,11745829,QB,4000,ATL@GB 12/09/2018 01:00PM ET,ATL,0.55
,,,,,,,,,,QB,Tim Boyle (11746377),Tim Boyle,11746377,QB,4000,ATL@GB 12/09/2018 01:00PM ET,GB,0
,,,,,,,,,,QB,Kevin Hogan (11746393),Kevin Hogan,11746393,QB,4000,DEN@SF 12/09/2018 04:05PM ET,DEN,0
,,,,,,,,,,QB,Jimmy Garoppolo (11746408),Jimmy Garoppolo,11746408,QB,4000,DEN@SF 12/09/2018 04:05PM ET,SF,17.01
,,,,,,,,,,QB,Tom Savage (11746419),Tom Savage,11746419,QB,4000,CIN@LAC 12/09/2018 04:05PM ET,CIN,0
,,,,,,,,,,RB,Giovani Bernard (11746420),Giovani Bernard,11746420,RB/FLEX,4000,CIN@LAC 12/09/2018 04:05PM ET,CIN,10.15
,,,,,,,,,,QB,Mike White (11746462),Mike White,11746462,QB,4000,PHI@DAL 12/09/2018 04:25PM ET,DAL,0
,,,,,,,,,,RB,Rod Smith (11746463),Rod Smith,11746463,RB/FLEX,4000,PHI@DAL 12/09/2018 04:25PM ET,DAL,1.15
,,,,,,,,,,QB,Nate Sudfeld (11746486),Nate Sudfeld,11746486,QB,4000,PHI@DAL 12/09/2018 04:25PM ET,PHI,0
,,,,,,,,,,QB,Matt Cassel (11745835),Matt Cassel,11745835,QB,4000,DET@ARI 12/09/2018 04:25PM ET,DET,-0.54
,,,,,,,,,,QB,Kyle Sloter (11746579),Kyle Sloter,11746579,QB,4000,MIN@SEA 12/10/2018 08:15PM ET,MIN,0
,,,,,,,,,,RB,Rashaad Penny (11746765),Rashaad Penny,11746765,RB/FLEX,4000,MIN@SEA 12/10/2018 08:15PM ET,SEA,5.7
,,,,,,,,,,WR,Dede Westbrook (11745789),Dede Westbrook,11745789,WR/FLEX,3900,JAX@TEN 12/06/2018 08:20PM ET,JAX,11.18
,,,,,,,,,,WR,Taylor Gabriel (11745852),Taylor Gabriel,11745852,WR/FLEX,3900,LAR@CHI 12/09/2018 08:20PM ET,CHI,10.89
,,,,,,,,,,RB,Jordan Howard (11745991),Jordan Howard,11745991,RB/FLEX,3900,LAR@CHI 12/09/2018 08:20PM ET,CHI,9.65
,,,,,,,,,,TE,David Njoku (11745827),David Njoku,11745827,TE/FLEX,3900,CAR@CLE 12/09/2018 01:00PM ET,CLE,8.82
,,,,,,,,,,WR,Antonio Callaway (11745915),Antonio Callaway,11745915,WR/FLEX,3900,CAR@CLE 12/09/2018 01:00PM ET,CLE,8.32
,,,,,,,,,,WR,Mike Williams (11746654),Mike Williams,11746654,WR/FLEX,3900,CIN@LAC 12/09/2018 04:05PM ET,LAC,9.81
,,,,,,,,,,RB,LeGarrette Blount (11746511),LeGarrette Blount,11746511,RB/FLEX,3900,DET@ARI 12/09/2018 04:25PM ET,DET,6.22
,,,,,,,,,,WR,Donte Moncrief (11745782),Donte Moncrief,11745782,WR/FLEX,3800,JAX@TEN 12/06/2018 08:20PM ET,JAX,9.39
,,,,,,,,,,WR,Chris Conley (11746233),Chris Conley,11746233,WR/FLEX,3800,BAL@KC 12/09/2018 01:00PM ET,KC,6.57
,,,,,,,,,,RB,John Kelly (11746314),John Kelly,11746314,RB/FLEX,3800,LAR@CHI 12/09/2018 08:20PM ET,LAR,0
,,,,,,,,,,RB,Malcolm Brown (11746316),Malcolm Brown,11746316,RB/FLEX,3800,LAR@CHI 12/09/2018 08:20PM ET,LAR,3.28
,,,,,,,,,,RB,Jeff Wilson Jr. (11746782),Jeff Wilson Jr.,11746782,RB/FLEX,3800,DEN@SF 12/09/2018 04:05PM ET,SF,12.75
,,,,,,,,,,WR,John Ross (11746020),John Ross,11746020,WR/FLEX,3800,CIN@LAC 12/09/2018 04:05PM ET,CIN,7.2
,,,,,,,,,,RB,Justin Jackson (11746697),Justin Jackson,11746697,RB/FLEX,3800,CIN@LAC 12/09/2018 04:05PM ET,LAC,2.83
,,,,,,,,,,RB,Chase Edmonds (11746523),Chase Edmonds,11746523,RB/FLEX,3800,DET@ARI 12/09/2018 04:25PM ET,ARI,4.03
,,,,,,,,,,WR,Bruce Ellington (11746724),Bruce Ellington,11746724,WR/FLEX,3800,DET@ARI 12/09/2018 04:25PM ET,DET,8.98
,,,,,,,,,,TE,Vance McDonald (11746666),Vance McDonald,11746666,TE/FLEX,3800,PIT@OAK 12/09/2018 04:25PM ET,PIT,9.74
,,,,,,,,,,RB,Mike Davis (11746603),Mike Davis,11746603,RB/FLEX,3800,MIN@SEA 12/10/2018 08:15PM ET,SEA,9.36
,,,,,,,,,,WR,Quincy Enunwa (11745815),Quincy Enunwa,11745815,WR/FLEX,3700,NYJ@BUF 12/09/2018 01:00PM ET,NYJ,8.27
,,,,,,,,,,TE,Evan Engram (11745963),Evan Engram,11745963,TE/FLEX,3700,NYG@WAS 12/09/2018 01:00PM ET,NYG,8.81
,,,,,,,,,,RB,Kapri Bibbs (11746129),Kapri Bibbs,11746129,RB/FLEX,3700,NYG@WAS 12/09/2018 01:00PM ET,WAS,5.73
,,,,,,,,,,WR,Willie Snead IV (11745847),Willie Snead IV,11745847,WR/FLEX,3700,BAL@KC 12/09/2018 01:00PM ET,BAL,9.08
,,,,,,,,,,WR,Dontrelle Inman (11745986),Dontrelle Inman,11745986,WR/FLEX,3700,IND@HOU 12/09/2018 01:00PM ET,IND,7.18
,,,,,,,,,,RB,Duke Johnson Jr. (11745784),Duke Johnson Jr.,11745784,RB/FLEX,3700,CAR@CLE 12/09/2018 01:00PM ET,CLE,8.94
,,,,,,,,,,WR,Pierre Garcon (11745927),Pierre Garcon,11745927,WR/FLEX,3700,DEN@SF 12/09/2018 04:05PM ET,SF,7.32
,,,,,,,,,,WR,Cole Beasley (11745932),Cole Beasley,11745932,WR/FLEX,3700,PHI@DAL 12/09/2018 04:25PM ET,DAL,9.15
,,,,,,,,,,WR,Michael Gallup (11746702),Michael Gallup,11746702,WR/FLEX,3700,PHI@DAL 12/09/2018 04:25PM ET,DAL,5.58
,,,,,,,,,,WR,Marcell Ateman (11746662),Marcell Ateman,11746662,WR/FLEX,3700,PIT@OAK 12/09/2018 04:25PM ET,OAK,7.73
,,,,,,,,,,RB,Jaylen Samuels (11746709),Jaylen Samuels,11746709,RB/FLEX,3700,PIT@OAK 12/09/2018 04:25PM ET,PIT,2.75
,,,,,,,,,,RB,Latavius Murray (11746580),Latavius Murray,11746580,RB/FLEX,3700,MIN@SEA 12/10/2018 08:15PM ET,MIN,9.59
,,,,,,,,,,RB,Derrick Henry (11745870),Derrick Henry,11745870,RB/FLEX,3600,JAX@TEN 12/06/2018 08:20PM ET,TEN,8.04
,,,,,,,,,,WR,Jermaine Kearse (11745817),Jermaine Kearse,11745817,WR/FLEX,3600,NYJ@BUF 12/09/2018 01:00PM ET,NYJ,5.97
,,,,,,,,,,RB,Isaiah Crowell (11745876),Isaiah Crowell,11745876,RB/FLEX,3600,NYJ@BUF 12/09/2018 01:00PM ET,NYJ,12.08
,,,,,,,,,,WR,Robby Anderson (11746629),Robby Anderson,11746629,WR/FLEX,3600,NYJ@BUF 12/09/2018 01:00PM ET,NYJ,8.68
,,,,,,,,,,RB,Peyton Barber (11745972),Peyton Barber,11745972,RB/FLEX,3600,NO@TB 12/09/2018 01:00PM ET,TB,9.63
,,,,,,,,,,WR,Rashard Higgins (11746686),Rashard Higgins,11746686,WR/FLEX,3600,CAR@CLE 12/09/2018 01:00PM ET,CLE,8.97
,,,,,,,,,,DST,Broncos  (11746789),Broncos ,11746789,DST,3600,DEN@SF 12/09/2018 04:05PM ET,DEN,9
,,,,,,,,,,WR,Nelson Agholor (11746495),Nelson Agholor,11746495,WR/FLEX,3600,PHI@DAL 12/09/2018 04:25PM ET,PHI,9.42
,,,,,,,,,,WR,Ryan Switzer (11746664),Ryan Switzer,11746664,WR/FLEX,3600,PIT@OAK 12/09/2018 04:25PM ET,PIT,4.92
,,,,,,,,,,WR,D.J. Chark Jr. (11746061),D.J. Chark Jr.,11746061,WR/FLEX,3500,JAX@TEN 12/06/2018 08:20PM ET,JAX,3.04
,,,,,,,,,,TE,Cameron Brate (11745886),Cameron Brate,11745886,TE/FLEX,3500,NO@TB 12/09/2018 01:00PM ET,TB,5.68
,,,,,,,,,,WR,Keith Kirkwood (11746636),Keith Kirkwood,11746636,WR/FLEX,3500,NO@TB 12/09/2018 01:00PM ET,NO,7.58
,,,,,,,,,,RB,Alfred Blue (11746265),Alfred Blue,11746265,RB/FLEX,3500,IND@HOU 12/09/2018 01:00PM ET,HOU,6.11
,,,,,,,,,,RB,Jamaal Williams (11746378),Jamaal Williams,11746378,RB/FLEX,3500,ATL@GB 12/09/2018 01:00PM ET,GB,5.03
,,,,,,,,,,RB,Royce Freeman (11746008),Royce Freeman,11746008,RB/FLEX,3500,DEN@SF 12/09/2018 04:05PM ET,DEN,7.65
,,,,,,,,,,TE,C.J. Uzomah (11746652),C.J. Uzomah,11746652,TE/FLEX,3500,CIN@LAC 12/09/2018 04:05PM ET,CIN,6.5
,,,,,,,,,,WR,Cody Core (11746759),Cody Core,11746759,WR/FLEX,3500,CIN@LAC 12/09/2018 04:05PM ET,CIN,2.14
,,,,,,,,,,DST,Chargers  (11746797),Chargers ,11746797,DST,3500,CIN@LAC 12/09/2018 04:05PM ET,LAC,6.75
,,,,,,,,,,WR,Seth Roberts (11745807),Seth Roberts,11745807,WR/FLEX,3500,PIT@OAK 12/09/2018 04:25PM ET,OAK,7.04
,,,,,,,,,,TE,Kyle Rudolph (11746035),Kyle Rudolph,11746035,TE/FLEX,3500,MIN@SEA 12/10/2018 08:15PM ET,MIN,8.69
,,,,,,,,,,WR,Taywan Taylor (11746621),Taywan Taylor,11746621,WR/FLEX,3400,JAX@TEN 12/06/2018 08:20PM ET,TEN,7.09
,,,,,,,,,,RB,Elijah McGuire (11745878),Elijah McGuire,11745878,RB/FLEX,3400,NYJ@BUF 12/09/2018 01:00PM ET,NYJ,6.12
,,,,,,,,,,WR,Kelvin Benjamin (11746078),Kelvin Benjamin,11746078,WR/FLEX,3400,NYJ@BUF 12/09/2018 01:00PM ET,BUF,5.37
,,,,,,,,,,WR,Isaiah McKenzie (11746672),Isaiah McKenzie,11746672,WR/FLEX,3400,NYJ@BUF 12/09/2018 01:00PM ET,BUF,5.78
,,,,,,,,,,WR,Maurice Harris (11745839),Maurice Harris,11745839,WR/FLEX,3400,NYG@WAS 12/09/2018 01:00PM ET,WAS,6.01
,,,,,,,,,,WR,Chris Hogan (11745980),Chris Hogan,11745980,WR/FLEX,3400,NE@MIA 12/09/2018 01:00PM ET,NE,6.58
,,,,,,,,,,RB,Rex Burkhead (11746641),Rex Burkhead,11746641,RB/FLEX,3400,NE@MIA 12/09/2018 01:00PM ET,NE,5.2
,,,,,,,,,,TE,Trey Burton (11745825),Trey Burton,11745825,TE/FLEX,3400,LAR@CHI 12/09/2018 08:20PM ET,CHI,9.75
,,,,,,,,,,RB,Ito Smith (11746356),Ito Smith,11746356,RB/FLEX,3400,ATL@GB 12/09/2018 01:00PM ET,ATL,6.78
,,,,,,,,,,WR,Kendrick Bourne (11745929),Kendrick Bourne,11745929,WR/FLEX,3400,DEN@SF 12/09/2018 04:05PM ET,SF,6.56
,,,,,,,,,,RB,Devontae Booker (11746394),Devontae Booker,11746394,RB/FLEX,3400,DEN@SF 12/09/2018 04:05PM ET,DEN,5.53
,,,,,,,,,,WR,Tajae Sharpe (11745872),Tajae Sharpe,11745872,WR/FLEX,3300,JAX@TEN 12/06/2018 08:20PM ET,TEN,6.05
,,,,,,,,,,RB,Chris Ivory (11745958),Chris Ivory,11745958,RB/FLEX,3300,NYJ@BUF 12/09/2018 01:00PM ET,BUF,5.79
,,,,,,,,,,WR,Robert Foster (11746080),Robert Foster,11746080,WR/FLEX,3300,NYJ@BUF 12/09/2018 01:00PM ET,BUF,4.73
,,,,,,,,,,WR,Brandon Marshall (11746159),Brandon Marshall,11746159,WR/FLEX,3300,NO@TB 12/09/2018 01:00PM ET,NO,4.37
,,,,,,,,,,RB,Frank Gore (11745888),Frank Gore,11745888,RB/FLEX,3300,NE@MIA 12/09/2018 01:00PM ET,MIA,7.63
,,,,,,,,,,WR,Cordarrelle Patterson (11746212),Cordarrelle Patterson,11746212,WR/FLEX,3300,NE@MIA 12/09/2018 01:00PM ET,NE,5.96
,,,,,,,,,,RB,D'Onta Foreman (11745900),D'Onta Foreman,11745900,RB/FLEX,3300,IND@HOU 12/09/2018 01:00PM ET,HOU,0
,,,,,,,,,,RB,Jordan Wilkins (11746279),Jordan Wilkins,11746279,RB/FLEX,3300,IND@HOU 12/09/2018 01:00PM ET,IND,4.77
,,,,,,,,,,RB,Dontrell Hilliard (11746720),Dontrell Hilliard,11746720,RB/FLEX,3300,CAR@CLE 12/09/2018 01:00PM ET,CLE,1.71
,,,,,,,,,,RB,Darren Sproles (11746023),Darren Sproles,11746023,RB/FLEX,3300,PHI@DAL 12/09/2018 04:25PM ET,PHI,7.7
,,,,,,,,,,RB,Corey Clement (11746487),Corey Clement,11746487,RB/FLEX,3300,PHI@DAL 12/09/2018 04:25PM ET,PHI,8.15
,,,,,,,,,,RB,Stevan Ridley (11746030),Stevan Ridley,11746030,RB/FLEX,3300,PIT@OAK 12/09/2018 04:25PM ET,PIT,1.34
,,,,,,,,,,TE,Jesse James (11746575),Jesse James,11746575,TE/FLEX,3300,PIT@OAK 12/09/2018 04:25PM ET,PIT,6.72
,,,,,,,,,,RB,Carlos Hyde (11745953),Carlos Hyde,11745953,RB/FLEX,3200,JAX@TEN 12/06/2018 08:20PM ET,JAX,8.19
,,,,,,,,,,DST,Bills  (11746711),Bills ,11746711,DST,3200,NYJ@BUF 12/09/2018 01:00PM ET,BUF,6.33
,,,,,,,,,,WR,Russell Shepard (11746675),Russell Shepard,11746675,WR/FLEX,3200,NYG@WAS 12/09/2018 01:00PM ET,NYG,2.79
,,,,,,,,,,RB,Jacquizz Rodgers (11746172),Jacquizz Rodgers,11746172,RB/FLEX,3200,NO@TB 12/09/2018 01:00PM ET,TB,4.69
,,,,,,,,,,RB,Kenneth Dixon (11746679),Kenneth Dixon,11746679,RB/FLEX,3200,BAL@KC 12/09/2018 01:00PM ET,BAL,7.85
,,,,,,,,,,WR,Ryan Grant (11746283),Ryan Grant,11746283,WR/FLEX,3200,IND@HOU 12/09/2018 01:00PM ET,IND,6.54
,,,,,,,,,,WR,DeAndre Carter (11746681),DeAndre Carter,11746681,WR/FLEX,3200,IND@HOU 12/09/2018 01:00PM ET,HOU,1.57
,,,,,,,,,,WR,Torrey Smith (11745917),Torrey Smith,11745917,WR/FLEX,3200,CAR@CLE 12/09/2018 01:00PM ET,CAR,5.89
,,,,,,,,,,RB,Alfred Morris (11746013),Alfred Morris,11746013,RB/FLEX,3200,DEN@SF 12/09/2018 04:05PM ET,SF,4.89
,,,,,,,,,,WR,Aldrick Robinson (11746588),Aldrick Robinson,11746588,WR/FLEX,3200,MIN@SEA 12/10/2018 08:15PM ET,MIN,5.77
,,,,,,,,,,TE,Jonnu Smith (11745874),Jonnu Smith,11745874,TE/FLEX,3100,JAX@TEN 12/06/2018 08:20PM ET,TEN,5.32
,,,,,,,,,,RB,Trenton Cannon (11746627),Trenton Cannon,11746627,RB/FLEX,3100,NYJ@BUF 12/09/2018 01:00PM ET,NYJ,2.57
,,,,,,,,,,RB,Ronald Jones II (11746174),Ronald Jones II,11746174,RB/FLEX,3100,NO@TB 12/09/2018 01:00PM ET,TB,3.96
,,,,,,,,,,WR,Equanimeous St. Brown (11745925),Equanimeous St. Brown,11745925,WR/FLEX,3100,ATL@GB 12/09/2018 01:00PM ET,GB,3.89
,,,,,,,,,,WR,Trent Taylor (11746017),Trent Taylor,11746017,WR/FLEX,3100,DEN@SF 12/09/2018 04:05PM ET,SF,4.21
,,,,,,,,,,WR,Laquon Treadwell (11746033),Laquon Treadwell,11746033,WR/FLEX,3100,MIN@SEA 12/10/2018 08:15PM ET,MIN,5.41
,,,,,,,,,,RB,Dalyn Dawkins (11746037),Dalyn Dawkins,11746037,RB/FLEX,3000,JAX@TEN 12/06/2018 08:20PM ET,TEN,0
,,,,,,,,,,RB,David Fluellen (11746039),David Fluellen,11746039,RB/FLEX,3000,JAX@TEN 12/06/2018 08:20PM ET,TEN,0.23
,,,,,,,,,,WR,Michael Campanaro (11746041),Michael Campanaro,11746041,WR/FLEX,3000,JAX@TEN 12/06/2018 08:20PM ET,TEN,0
,,,,,,,,,,WR,Cameron Batson (11746043),Cameron Batson,11746043,WR/FLEX,3000,JAX@TEN 12/06/2018 08:20PM ET,TEN,2.33
,,,,,,,,,,WR,Darius Jennings (11746045),Darius Jennings,11746045,WR/FLEX,3000,JAX@TEN 12/06/2018 08:20PM ET,TEN,1.44
,,,,,,,,,,RB,Tommy Bohanon (11746055),Tommy Bohanon,11746055,RB/FLEX,3000,JAX@TEN 12/06/2018 08:20PM ET,JAX,0.7
,,,,,,,,,,RB,David Williams (11746057),David Williams,11746057,RB/FLEX,3000,JAX@TEN 12/06/2018 08:20PM ET,JAX,0.07
,,,,,,,,,,RB,Corey Grant (11746059),Corey Grant,11746059,RB/FLEX,3000,JAX@TEN 12/06/2018 08:20PM ET,JAX,3.94
,,,,,,,,,,WR,Keelan Cole (11746063),Keelan Cole,11746063,WR/FLEX,3000,JAX@TEN 12/06/2018 08:20PM ET,JAX,6.42
,,,,,,,,,,WR,Rashad Greene Sr. (11746065),Rashad Greene Sr.,11746065,WR/FLEX,3000,JAX@TEN 12/06/2018 08:20PM ET,JAX,0.96
,,,,,,,,,,TE,Chris Herndon (11745880),Chris Herndon,11745880,TE/FLEX,3000,NYJ@BUF 12/09/2018 01:00PM ET,NYJ,6.71
,,,,,,,,,,RB,Marcus Murphy (11745960),Marcus Murphy,11745960,RB/FLEX,3000,NYJ@BUF 12/09/2018 01:00PM ET,BUF,3.59
,,,,,,,,,,RB,Patrick DiMarco (11746076),Patrick DiMarco,11746076,RB/FLEX,3000,NYJ@BUF 12/09/2018 01:00PM ET,BUF,0.77
,,,,,,,,,,WR,Ray-Ray McCloud III (11746082),Ray-Ray McCloud III,11746082,WR/FLEX,3000,NYJ@BUF 12/09/2018 01:00PM ET,BUF,0.83
,,,,,,,,,,WR,Deonte Thompson (11746084),Deonte Thompson,11746084,WR/FLEX,3000,NYJ@BUF 12/09/2018 01:00PM ET,BUF,2.86
,,,,,,,,,,WR,Andre Holmes (11746086),Andre Holmes,11746086,WR/FLEX,3000,NYJ@BUF 12/09/2018 01:00PM ET,BUF,2.31
,,,,,,,,,,RB,Bilal Powell (11746096),Bilal Powell,11746096,RB/FLEX,3000,NYJ@BUF 12/09/2018 01:00PM ET,NYJ,8.76
,,,,,,,,,,WR,Rishard Matthews (11746098),Rishard Matthews,11746098,WR/FLEX,3000,NYJ@BUF 12/09/2018 01:00PM ET,NYJ,0.68
,,,,,,,,,,WR,Charone Peake (11746100),Charone Peake,11746100,WR/FLEX,3000,NYJ@BUF 12/09/2018 01:00PM ET,NYJ,0.5
,,,,,,,,,,WR,Deontay Burnett (11746102),Deontay Burnett,11746102,WR/FLEX,3000,NYJ@BUF 12/09/2018 01:00PM ET,NYJ,4
,,,,,,,,,,WR,Andre Roberts (11746104),Andre Roberts,11746104,WR/FLEX,3000,NYJ@BUF 12/09/2018 01:00PM ET,NYJ,1.29
,,,,,,,,,,RB,Elijhaa Penny (11746112),Elijhaa Penny,11746112,RB/FLEX,3000,NYG@WAS 12/09/2018 01:00PM ET,NYG,0.75
,,,,,,,,,,RB,Jonathan Stewart (11746114),Jonathan Stewart,11746114,RB/FLEX,3000,NYG@WAS 12/09/2018 01:00PM ET,NYG,0.57
,,,,,,,,,,WR,Cody Latimer (11746116),Cody Latimer,11746116,WR/FLEX,3000,NYG@WAS 12/09/2018 01:00PM ET,NYG,4.2
,,,,,,,,,,WR,Jawill Davis (11746118),Jawill Davis,11746118,WR/FLEX,3000,NYG@WAS 12/09/2018 01:00PM ET,NYG,1.18
,,,,,,,,,,WR,Corey Coleman (11746120),Corey Coleman,11746120,WR/FLEX,3000,NYG@WAS 12/09/2018 01:00PM ET,NYG,1
,,,,,,,,,,WR,Bennie Fowler (11746122),Bennie Fowler,11746122,WR/FLEX,3000,NYG@WAS 12/09/2018 01:00PM ET,NYG,3.22
,,,,,,,,,,RB,Rob Kelley (11746131),Rob Kelley,11746131,RB/FLEX,3000,NYG@WAS 12/09/2018 01:00PM ET,WAS,0.4
,,,,,,,,,,RB,Byron Marshall (11746133),Byron Marshall,11746133,RB/FLEX,3000,NYG@WAS 12/09/2018 01:00PM ET,WAS,0.25
,,,,,,,,,,RB,Samaje Perine (11746135),Samaje Perine,11746135,RB/FLEX,3000,NYG@WAS 12/09/2018 01:00PM ET,WAS,1.5
,,,,,,,,,,WR,Michael Floyd (11746141),Michael Floyd,11746141,WR/FLEX,3000,NYG@WAS 12/09/2018 01:00PM ET,WAS,1.24
,,,,,,,,,,WR,Jehu Chesson (11746143),Jehu Chesson,11746143,WR/FLEX,3000,NYG@WAS 12/09/2018 01:00PM ET,WAS,0
,,,,,,,,,,RB,Zach Line (11746153),Zach Line,11746153,RB/FLEX,3000,NO@TB 12/09/2018 01:00PM ET,NO,1.04
,,,,,,,,,,RB,Dwayne Washington (11746155),Dwayne Washington,11746155,RB/FLEX,3000,NO@TB 12/09/2018 01:00PM ET,NO,0.51
,,,,,,,,,,RB,Shane Vereen (11746157),Shane Vereen,11746157,RB/FLEX,3000,NO@TB 12/09/2018 01:00PM ET,NO,0
,,,,,,,,,,WR,Ted Ginn Jr. (11746161),Ted Ginn Jr.,11746161,WR/FLEX,3000,NO@TB 12/09/2018 01:00PM ET,NO,10.28
,,,,,,,,,,WR,Austin Carr (11746163),Austin Carr,11746163,WR/FLEX,3000,NO@TB 12/09/2018 01:00PM ET,NO,2.56
,,,,,,,,,,WR,Tommylee Lewis (11746165),Tommylee Lewis,11746165,WR/FLEX,3000,NO@TB 12/09/2018 01:00PM ET,NO,3.27
,,,,,,,,,,WR,Justin Watson (11746178),Justin Watson,11746178,WR/FLEX,3000,NO@TB 12/09/2018 01:00PM ET,TB,0.17
,,,,,,,,,,WR,Bobo Wilson (11746800),Bobo Wilson,11746800,WR/FLEX,3000,NO@TB 12/09/2018 01:00PM ET,TB,0
,,,,,,,,,,RB,Brandon Bolden (11746187),Brandon Bolden,11746187,RB/FLEX,3000,NE@MIA 12/09/2018 01:00PM ET,MIA,0.08
,,,,,,,,,,RB,Senorise Perry (11746189),Senorise Perry,11746189,RB/FLEX,3000,NE@MIA 12/09/2018 01:00PM ET,MIA,0
,,,,,,,,,,RB,Kalen Ballage (11746191),Kalen Ballage,11746191,RB/FLEX,3000,NE@MIA 12/09/2018 01:00PM ET,MIA,0.99
,,,,,,,,,,WR,Albert Wilson (11746193),Albert Wilson,11746193,WR/FLEX,3000,NE@MIA 12/09/2018 01:00PM ET,MIA,14.25
,,,,,,,,,,WR,Leonte Carroo (11746195),Leonte Carroo,11746195,WR/FLEX,3000,NE@MIA 12/09/2018 01:00PM ET,MIA,3.76
,,,,,,,,,,WR,Brice Butler (11746197),Brice Butler,11746197,WR/FLEX,3000,NE@MIA 12/09/2018 01:00PM ET,MIA,1.62
,,,,,,,,,,RB,James Develin (11746208),James Develin,11746208,RB/FLEX,3000,NE@MIA 12/09/2018 01:00PM ET,NE,2.64
,,,,,,,,,,WR,Cody Hollister (11746214),Cody Hollister,11746214,WR/FLEX,3000,NE@MIA 12/09/2018 01:00PM ET,NE,0
,,,,,,,,,,WR,Braxton Berrios (11746216),Braxton Berrios,11746216,WR/FLEX,3000,NE@MIA 12/09/2018 01:00PM ET,NE,0
,,,,,,,,,,WR,Phillip Dorsett (11746218),Phillip Dorsett,11746218,WR/FLEX,3000,NE@MIA 12/09/2018 01:00PM ET,NE,5.38
,,,,,,,,,,WR,Matthew Slater (11746220),Matthew Slater,11746220,WR/FLEX,3000,NE@MIA 12/09/2018 01:00PM ET,NE,0
,,,,,,,,,,WR,Isaiah Ford (11746802),Isaiah Ford,11746802,WR/FLEX,3000,NE@MIA 12/09/2018 01:00PM ET,MIA,0
,,,,,,,,,,RB,Javorius Allen (11745894),Javorius Allen,11745894,RB/FLEX,3000,BAL@KC 12/09/2018 01:00PM ET,BAL,7.88
,,,,,,,,,,RB,Anthony Sherman (11746227),Anthony Sherman,11746227,RB/FLEX,3000,BAL@KC 12/09/2018 01:00PM ET,KC,1.64
,,,,,,,,,,RB,Darrel Williams (11746229),Darrel Williams,11746229,RB/FLEX,3000,BAL@KC 12/09/2018 01:00PM ET,KC,0
,,,,,,,,,,RB,Damien Williams (11746231),Damien Williams,11746231,RB/FLEX,3000,BAL@KC 12/09/2018 01:00PM ET,KC,0.95
,,,,,,,,,,WR,Demarcus Robinson (11746235),Demarcus Robinson,11746235,WR/FLEX,3000,BAL@KC 12/09/2018 01:00PM ET,KC,2.61
,,,,,,,,,,WR,Gehrig Dieter (11746237),Gehrig Dieter,11746237,WR/FLEX,3000,BAL@KC 12/09/2018 01:00PM ET,KC,0
,,,,,,,,,,WR,Marcus Kemp (11746239),Marcus Kemp,11746239,WR/FLEX,3000,BAL@KC 12/09/2018 01:00PM ET,KC,0.14
,,,,,,,,,,RB,Patrick Ricard (11746248),Patrick Ricard,11746248,RB/FLEX,3000,BAL@KC 12/09/2018 01:00PM ET,BAL,0
,,,,,,,,,,WR,Quincy Adeboyejo (11746250),Quincy Adeboyejo,11746250,WR/FLEX,3000,BAL@KC 12/09/2018 01:00PM ET,BAL,0
,,,,,,,,,,WR,Jaleel Scott (11746252),Jaleel Scott,11746252,WR/FLEX,3000,BAL@KC 12/09/2018 01:00PM ET,BAL,0
,,,,,,,,,,WR,Jordan Lasley (11746254),Jordan Lasley,11746254,WR/FLEX,3000,BAL@KC 12/09/2018 01:00PM ET,BAL,0
,,,,,,,,,,WR,Chris Moore (11746256),Chris Moore,11746256,WR/FLEX,3000,BAL@KC 12/09/2018 01:00PM ET,BAL,2.8
,,,,,,,,,,WR,Chester Rogers (11745988),Chester Rogers,11745988,WR/FLEX,3000,IND@HOU 12/09/2018 01:00PM ET,IND,6.82
,,,,,,,,,,RB,Buddy Howell (11746267),Buddy Howell,11746267,RB/FLEX,3000,IND@HOU 12/09/2018 01:00PM ET,HOU,0
,,,,,,,,,,WR,Sammie Coates Jr. (11746269),Sammie Coates Jr.,11746269,WR/FLEX,3000,IND@HOU 12/09/2018 01:00PM ET,HOU,0.22
,,,,,,,,,,WR,Will Fuller V (11746271),Will Fuller V,11746271,WR/FLEX,3000,IND@HOU 12/09/2018 01:00PM ET,HOU,16.47
,,,,,,,,,,WR,Vyncint Smith (11746273),Vyncint Smith,11746273,WR/FLEX,3000,IND@HOU 12/09/2018 01:00PM ET,HOU,0.76
,,,,,,,,,,RB,Jonathan Williams (11746281),Jonathan Williams,11746281,RB/FLEX,3000,IND@HOU 12/09/2018 01:00PM ET,IND,0.37
,,,,,,,,,,WR,Matt Hazel (11746285),Matt Hazel,11746285,WR/FLEX,3000,IND@HOU 12/09/2018 01:00PM ET,IND,0
,,,,,,,,,,WR,Zach Pascal (11746287),Zach Pascal,11746287,WR/FLEX,3000,IND@HOU 12/09/2018 01:00PM ET,IND,3.22
,,,,,,,,,,TE,Jordan Thomas (11746683),Jordan Thomas,11746683,TE/FLEX,3000,IND@HOU 12/09/2018 01:00PM ET,HOU,4.63
,,,,,,,,,,RB,Taquan Mizzell (11745993),Taquan Mizzell,11745993,RB/FLEX,3000,LAR@CHI 12/09/2018 08:20PM ET,CHI,3.3
,,,,,,,,,,RB,Michael Burton (11746296),Michael Burton,11746296,RB/FLEX,3000,LAR@CHI 12/09/2018 08:20PM ET,CHI,0.27
,,,,,,,,,,RB,Benny Cunningham (11746298),Benny Cunningham,11746298,RB/FLEX,3000,LAR@CHI 12/09/2018 08:20PM ET,CHI,0.24
,,,,,,,,,,WR,Kevin White (11746300),Kevin White,11746300,WR/FLEX,3000,LAR@CHI 12/09/2018 08:20PM ET,CHI,1.25
,,,,,,,,,,WR,Javon Wims (11746302),Javon Wims,11746302,WR/FLEX,3000,LAR@CHI 12/09/2018 08:20PM ET,CHI,0
,,,,,,,,,,WR,Josh Bellamy (11746304),Josh Bellamy,11746304,WR/FLEX,3000,LAR@CHI 12/09/2018 08:20PM ET,CHI,2.34
,,,,,,,,,,RB,Justin Davis (11746318),Justin Davis,11746318,RB/FLEX,3000,LAR@CHI 12/09/2018 08:20PM ET,LAR,0
,,,,,,,,,,WR,KhaDarel Hodge (11746320),KhaDarel Hodge,11746320,WR/FLEX,3000,LAR@CHI 12/09/2018 08:20PM ET,LAR,0.37
,,,,,,,,,,WR,JoJo Natson Jr. (11746322),JoJo Natson Jr.,11746322,WR/FLEX,3000,LAR@CHI 12/09/2018 08:20PM ET,LAR,0
,,,,,,,,,,WR,Pharoh Cooper (11746324),Pharoh Cooper,11746324,WR/FLEX,3000,LAR@CHI 12/09/2018 08:20PM ET,LAR,0
,,,,,,,,,,WR,Breshad Perriman (11746329),Breshad Perriman,11746329,WR/FLEX,3000,CAR@CLE 12/09/2018 01:00PM ET,CLE,3.07
,,,,,,,,,,WR,Damion Ratley (11746331),Damion Ratley,11746331,WR/FLEX,3000,CAR@CLE 12/09/2018 01:00PM ET,CLE,3.04
,,,,,,,,,,RB,Cameron Artis-Payne (11746340),Cameron Artis-Payne,11746340,RB/FLEX,3000,CAR@CLE 12/09/2018 01:00PM ET,CAR,0.02
,,,,,,,,,,RB,Travaris Cadet (11746342),Travaris Cadet,11746342,RB/FLEX,3000,CAR@CLE 12/09/2018 01:00PM ET,CAR,0
,,,,,,,,,,RB,Kenjon Barner (11746344),Kenjon Barner,11746344,RB/FLEX,3000,CAR@CLE 12/09/2018 01:00PM ET,CAR,1.18
,,,,,,,,,,RB,Alex Armah (11746346),Alex Armah,11746346,RB/FLEX,3000,CAR@CLE 12/09/2018 01:00PM ET,CAR,1.12
,,,,,,,,,,RB,Elijah Hood (11746348),Elijah Hood,11746348,RB/FLEX,3000,CAR@CLE 12/09/2018 01:00PM ET,CAR,0
,,,,,,,,,,WR,Jarius Wright (11746350),Jarius Wright,11746350,WR/FLEX,3000,CAR@CLE 12/09/2018 01:00PM ET,CAR,5.79
,,,,,,,,,,RB,Ricky Ortiz (11746358),Ricky Ortiz,11746358,RB/FLEX,3000,ATL@GB 12/09/2018 01:00PM ET,ATL,0.27
,,,,,,,,,,RB,Devonta Freeman (11746360),Devonta Freeman,11746360,RB/FLEX,3000,ATL@GB 12/09/2018 01:00PM ET,ATL,7.05
,,,,,,,,,,RB,Brian Hill (11746362),Brian Hill,11746362,RB/FLEX,3000,ATL@GB 12/09/2018 01:00PM ET,ATL,0
,,,,,,,,,,WR,Justin Hardy (11746366),Justin Hardy,11746366,WR/FLEX,3000,ATL@GB 12/09/2018 01:00PM ET,ATL,1.28
,,,,,,,,,,WR,Marvin Hall (11746368),Marvin Hall,11746368,WR/FLEX,3000,ATL@GB 12/09/2018 01:00PM ET,ATL,2.43
,,,,,,,,,,WR,Russell Gage (11746370),Russell Gage,11746370,WR/FLEX,3000,ATL@GB 12/09/2018 01:00PM ET,ATL,0.33
,,,,,,,,,,RB,Tra Carson (11746380),Tra Carson,11746380,RB/FLEX,3000,ATL@GB 12/09/2018 01:00PM ET,GB,0
,,,,,,,,,,WR,J'Mon Moore (11746382),J'Mon Moore,11746382,WR/FLEX,3000,ATL@GB 12/09/2018 01:00PM ET,GB,0.25
,,,,,,,,,,WR,Geronimo Allison (11746384),Geronimo Allison,11746384,WR/FLEX,3000,ATL@GB 12/09/2018 01:00PM ET,GB,12.46
,,,,,,,,,,WR,Jake Kumerow (11746386),Jake Kumerow,11746386,WR/FLEX,3000,ATL@GB 12/09/2018 01:00PM ET,GB,2.1
,,,,,,,,,,RB,Danny Vitale (11746806),Danny Vitale,11746806,RB/FLEX,3000,ATL@GB 12/09/2018 01:00PM ET,GB,0
,,,,,,,,,,RB,Kyle Juszczyk (11746015),Kyle Juszczyk,11746015,RB/FLEX,3000,DEN@SF 12/09/2018 04:05PM ET,SF,5.13
,,,,,,,,,,RB,Andy Janovich (11746396),Andy Janovich,11746396,RB/FLEX,3000,DEN@SF 12/09/2018 04:05PM ET,DEN,1.02
,,,,,,,,,,WR,Tim Patrick (11746398),Tim Patrick,11746398,WR/FLEX,3000,DEN@SF 12/09/2018 04:05PM ET,DEN,1.55
,,,,,,,,,,WR,DaeSean Hamilton (11746400),DaeSean Hamilton,11746400,WR/FLEX,3000,DEN@SF 12/09/2018 04:05PM ET,DEN,1.11
,,,,,,,,,,WR,River Cracraft (11746402),River Cracraft,11746402,WR/FLEX,3000,DEN@SF 12/09/2018 04:05PM ET,DEN,0
,,,,,,,,,,WR,Jordan Taylor (11746404),Jordan Taylor,11746404,WR/FLEX,3000,DEN@SF 12/09/2018 04:05PM ET,DEN,0
,,,,,,,,,,RB,Matt Dayes (11746409),Matt Dayes,11746409,RB/FLEX,3000,DEN@SF 12/09/2018 04:05PM ET,SF,0
,,,,,,,,,,WR,Richie James Jr. (11746411),Richie James Jr.,11746411,WR/FLEX,3000,DEN@SF 12/09/2018 04:05PM ET,SF,1.49
,,,,,,,,,,RB,Mark Walton (11746422),Mark Walton,11746422,RB/FLEX,3000,CIN@LAC 12/09/2018 04:05PM ET,CIN,1.25
,,,,,,,,,,WR,Alex Erickson (11746426),Alex Erickson,11746426,WR/FLEX,3000,CIN@LAC 12/09/2018 04:05PM ET,CIN,1.12
,,,,,,,,,,WR,Auden Tate (11746428),Auden Tate,11746428,WR/FLEX,3000,CIN@LAC 12/09/2018 04:05PM ET,CIN,1.67
,,,,,,,,,,WR,Josh Malone (11746430),Josh Malone,11746430,WR/FLEX,3000,CIN@LAC 12/09/2018 04:05PM ET,CIN,0.31
,,,,,,,,,,RB,Detrez Newsome (11746441),Detrez Newsome,11746441,RB/FLEX,3000,CIN@LAC 12/09/2018 04:05PM ET,LAC,0.25
,,,,,,,,,,RB,Derek Watt (11746443),Derek Watt,11746443,RB/FLEX,3000,CIN@LAC 12/09/2018 04:05PM ET,LAC,0.02
,,,,,,,,,,WR,Geremy Davis (11746447),Geremy Davis,11746447,WR/FLEX,3000,CIN@LAC 12/09/2018 04:05PM ET,LAC,0
,,,,,,,,,,WR,Artavis Scott (11746449),Artavis Scott,11746449,WR/FLEX,3000,CIN@LAC 12/09/2018 04:05PM ET,LAC,0
,,,,,,,,,,WR,Travis Benjamin (11746451),Travis Benjamin,11746451,WR/FLEX,3000,CIN@LAC 12/09/2018 04:05PM ET,LAC,3.29
,,,,,,,,,,RB,Jamize Olawale (11746465),Jamize Olawale,11746465,RB/FLEX,3000,PHI@DAL 12/09/2018 04:25PM ET,DAL,0.28
,,,,,,,,,,WR,Tavon Austin (11746467),Tavon Austin,11746467,WR/FLEX,3000,PHI@DAL 12/09/2018 04:25PM ET,DAL,6.25
,,,,,,,,,,WR,Allen Hurns (11746469),Allen Hurns,11746469,WR/FLEX,3000,PHI@DAL 12/09/2018 04:25PM ET,DAL,4.32
,,,,,,,,,,WR,Terrance Williams (11746471),Terrance Williams,11746471,WR/FLEX,3000,PHI@DAL 12/09/2018 04:25PM ET,DAL,1.27
,,,,,,,,,,WR,Noah Brown (11746473),Noah Brown,11746473,WR/FLEX,3000,PHI@DAL 12/09/2018 04:25PM ET,DAL,1.28
,,,,,,,,,,WR,Lance Lenoir (11746475),Lance Lenoir,11746475,WR/FLEX,3000,PHI@DAL 12/09/2018 04:25PM ET,DAL,0
,,,,,,,,,,RB,Wendell Smallwood (11746489),Wendell Smallwood,11746489,RB/FLEX,3000,PHI@DAL 12/09/2018 04:25PM ET,PHI,6.67
,,,,,,,,,,RB,Jay Ajayi (11746491),Jay Ajayi,11746491,RB/FLEX,3000,PHI@DAL 12/09/2018 04:25PM ET,PHI,11.1
,,,,,,,,,,WR,Mack Hollins (11746497),Mack Hollins,11746497,WR/FLEX,3000,PHI@DAL 12/09/2018 04:25PM ET,PHI,0
,,,,,,,,,,WR,Mike Wallace (11746499),Mike Wallace,11746499,WR/FLEX,3000,PHI@DAL 12/09/2018 04:25PM ET,PHI,0
,,,,,,,,,,WR,Jordan Matthews (11746501),Jordan Matthews,11746501,WR/FLEX,3000,PHI@DAL 12/09/2018 04:25PM ET,PHI,5.71
,,,,,,,,,,WR,Shelton Gibson (11746503),Shelton Gibson,11746503,WR/FLEX,3000,PHI@DAL 12/09/2018 04:25PM ET,PHI,0.48
,,,,,,,,,,WR,TJ Jones (11746025),TJ Jones,11746025,WR/FLEX,3000,DET@ARI 12/09/2018 04:25PM ET,DET,1.76
,,,,,,,,,,RB,Nick Bellore (11746513),Nick Bellore,11746513,RB/FLEX,3000,DET@ARI 12/09/2018 04:25PM ET,DET,0.34
,,,,,,,,,,RB,Zach Zenner (11746515),Zach Zenner,11746515,RB/FLEX,3000,DET@ARI 12/09/2018 04:25PM ET,DET,1.05
,,,,,,,,,,WR,Brandon Powell (11746517),Brandon Powell,11746517,WR/FLEX,3000,DET@ARI 12/09/2018 04:25PM ET,DET,0.53
,,,,,,,,,,WR,Andy Jones (11746519),Andy Jones,11746519,WR/FLEX,3000,DET@ARI 12/09/2018 04:25PM ET,DET,0.35
,,,,,,,,,,RB,Derrick Coleman (11746525),Derrick Coleman,11746525,RB/FLEX,3000,DET@ARI 12/09/2018 04:25PM ET,ARI,0.33
,,,,,,,,,,RB,T.J. Logan (11746527),T.J. Logan,11746527,RB/FLEX,3000,DET@ARI 12/09/2018 04:25PM ET,ARI,0.9
,,,,,,,,,,WR,Trent Sherfield (11746531),Trent Sherfield,11746531,WR/FLEX,3000,DET@ARI 12/09/2018 04:25PM ET,ARI,0.7
,,,,,,,,,,WR,J.J. Nelson (11746533),J.J. Nelson,11746533,WR/FLEX,3000,DET@ARI 12/09/2018 04:25PM ET,ARI,0.55
,,,,,,,,,,WR,Chad Williams (11746535),Chad Williams,11746535,WR/FLEX,3000,DET@ARI 12/09/2018 04:25PM ET,ARI,3.54
,,,,,,,,,,WR,Martavis Bryant (11745942),Martavis Bryant,11745942,WR/FLEX,3000,PIT@OAK 12/09/2018 04:25PM ET,OAK,5.86
,,,,,,,,,,WR,James Washington (11745944),James Washington,11745944,WR/FLEX,3000,PIT@OAK 12/09/2018 04:25PM ET,PIT,2.17
,,,,,,,,,,RB,Keith Smith (11746545),Keith Smith,11746545,RB/FLEX,3000,PIT@OAK 12/09/2018 04:25PM ET,OAK,0.52
,,,,,,,,,,RB,DeAndre Washington (11746547),DeAndre Washington,11746547,RB/FLEX,3000,PIT@OAK 12/09/2018 04:25PM ET,OAK,1.57
,,,,,,,,,,RB,Marshawn Lynch (11746549),Marshawn Lynch,11746549,RB/FLEX,3000,PIT@OAK 12/09/2018 04:25PM ET,OAK,13.67
,,,,,,,,,,WR,ArDarius Stewart (11746551),ArDarius Stewart,11746551,WR/FLEX,3000,PIT@OAK 12/09/2018 04:25PM ET,OAK,0
,,,,,,,,,,WR,Keon Hatcher (11746553),Keon Hatcher,11746553,WR/FLEX,3000,PIT@OAK 12/09/2018 04:25PM ET,OAK,0.6
,,,,,,,,,,WR,Dwayne Harris (11746555),Dwayne Harris,11746555,WR/FLEX,3000,PIT@OAK 12/09/2018 04:25PM ET,OAK,1.02
,,,,,,,,,,RB,Le'Veon Bell (11746565),Le'Veon Bell,11746565,RB/FLEX,3000,PIT@OAK 12/09/2018 04:25PM ET,PIT,0
,,,,,,,,,,RB,Roosevelt Nix (11746567),Roosevelt Nix,11746567,RB/FLEX,3000,PIT@OAK 12/09/2018 04:25PM ET,PIT,0.55
,,,,,,,,,,WR,Justin Hunter (11746569),Justin Hunter,11746569,WR/FLEX,3000,PIT@OAK 12/09/2018 04:25PM ET,PIT,1.02
,,,,,,,,,,WR,Eli Rogers (11746571),Eli Rogers,11746571,WR/FLEX,3000,PIT@OAK 12/09/2018 04:25PM ET,PIT,0
,,,,,,,,,,WR,Darrius Heyward-Bey (11746573),Darrius Heyward-Bey,11746573,WR/FLEX,3000,PIT@OAK 12/09/2018 04:25PM ET,PIT,0.19
,,,,,,,,,,DST,Steelers  (11746775),Steelers ,11746775,DST,3000,PIT@OAK 12/09/2018 04:25PM ET,PIT,7.5
,,,,,,,,,,RB,Ameer Abdullah (11746582),Ameer Abdullah,11746582,RB/FLEX,3000,MIN@SEA 12/10/2018 08:15PM ET,MIN,0.82
,,,,,,,,,,RB,Mike Boone (11746584),Mike Boone,11746584,RB/FLEX,3000,MIN@SEA 12/10/2018 08:15PM ET,MIN,0.97
,,,,,,,,,,RB,C.J. Ham (11746586),C.J. Ham,11746586,RB/FLEX,3000,MIN@SEA 12/10/2018 08:15PM ET,MIN,1.68
,,,,,,,,,,WR,Brandon Zylstra (11746590),Brandon Zylstra,11746590,WR/FLEX,3000,MIN@SEA 12/10/2018 08:15PM ET,MIN,0.28
,,,,,,,,,,WR,Chad Beebe (11746592),Chad Beebe,11746592,WR/FLEX,3000,MIN@SEA 12/10/2018 08:15PM ET,MIN,3.95
,,,,,,,,,,RB,Tre Madden (11746605),Tre Madden,11746605,RB/FLEX,3000,MIN@SEA 12/10/2018 08:15PM ET,SEA,0.53
,,,,,,,,,,RB,J.D. McKissic (11746607),J.D. McKissic,11746607,RB/FLEX,3000,MIN@SEA 12/10/2018 08:15PM ET,SEA,0
,,,,,,,,,,WR,Jaron Brown (11746609),Jaron Brown,11746609,WR/FLEX,3000,MIN@SEA 12/10/2018 08:15PM ET,SEA,4.67
,,,,,,,,,,WR,Malik Turner (11746611),Malik Turner,11746611,WR/FLEX,3000,MIN@SEA 12/10/2018 08:15PM ET,SEA,1
,,,,,,,,,,DST,Titans  (11745951),Titans ,11745951,DST,2900,JAX@TEN 12/06/2018 08:20PM ET,TEN,5.75
,,,,,,,,,,TE,Vernon Davis (11746145),Vernon Davis,11746145,TE/FLEX,2900,NYG@WAS 12/09/2018 01:00PM ET,WAS,5.25
,,,,,,,,,,TE,Benjamin Watson (11745969),Benjamin Watson,11745969,TE/FLEX,2900,NO@TB 12/09/2018 01:00PM ET,NO,5.94
,,,,,,,,,,DST,Lions  (11746790),Lions ,11746790,DST,2900,DET@ARI 12/09/2018 04:25PM ET,DET,5.25
,,,,,,,,,,DST,Jaguars  (11746730),Jaguars ,11746730,DST,2800,JAX@TEN 12/06/2018 08:20PM ET,JAX,6.25
,,,,,,,,,,DST,Patriots  (11746732),Patriots ,11746732,DST,2800,NE@MIA 12/09/2018 01:00PM ET,NE,7.75
,,,,,,,,,,TE,Mark Andrews (11746716),Mark Andrews,11746716,TE/FLEX,2800,BAL@KC 12/09/2018 01:00PM ET,BAL,6.37
,,,,,,,,,,TE,Antonio Gates (11746453),Antonio Gates,11746453,TE/FLEX,2800,CIN@LAC 12/09/2018 04:05PM ET,LAC,4.91
,,,,,,,,,,TE,Rhett Ellison (11746632),Rhett Ellison,11746632,TE/FLEX,2700,NYG@WAS 12/09/2018 01:00PM ET,NYG,5.13
,,,,,,,,,,DST,Saints  (11746638),Saints ,11746638,DST,2700,NO@TB 12/09/2018 01:00PM ET,NO,7.08
,,,,,,,,,,TE,Gerald Everett (11745912),Gerald Everett,11745912,TE/FLEX,2700,LAR@CHI 12/09/2018 08:20PM ET,LAR,5.06
,,,,,,,,,,TE,Ian Thomas (11746688),Ian Thomas,11746688,TE/FLEX,2700,CAR@CLE 12/09/2018 01:00PM ET,CAR,2.44
,,,,,,,,,,TE,Matt LaCosse (11746692),Matt LaCosse,11746692,TE/FLEX,2700,DEN@SF 12/09/2018 04:05PM ET,DEN,3.09
,,,,,,,,,,TE,Ricky Seals-Jones (11745938),Ricky Seals-Jones,11745938,TE/FLEX,2700,DET@ARI 12/09/2018 04:25PM ET,ARI,5.14
,,,,,,,,,,TE,Anthony Firkser (11746623),Anthony Firkser,11746623,TE/FLEX,2600,JAX@TEN 12/06/2018 08:20PM ET,TEN,4.55
,,,,,,,,,,DST,Texans  (11745985),Texans ,11745985,DST,2600,IND@HOU 12/09/2018 01:00PM ET,HOU,9.92
,,,,,,,,,,TE,Tyler Higbee (11745998),Tyler Higbee,11745998,TE/FLEX,2600,LAR@CHI 12/09/2018 08:20PM ET,LAR,4.39
,,,,,,,,,,DST,Cowboys  (11746773),Cowboys ,11746773,DST,2600,PHI@DAL 12/09/2018 04:25PM ET,DAL,6.42
,,,,,,,,,,TE,Levine Toilolo (11746658),Levine Toilolo,11746658,TE/FLEX,2600,DET@ARI 12/09/2018 04:25PM ET,DET,2.08
,,,,,,,,,,DST,Seahawks  (11745781),Seahawks ,11745781,DST,2600,MIN@SEA 12/10/2018 08:15PM ET,SEA,7.33
,,,,,,,,,,TE,Nick Vannett (11746613),Nick Vannett,11746613,TE/FLEX,2600,MIN@SEA 12/10/2018 08:15PM ET,SEA,5.36
,,,,,,,,,,TE,James O'Shaughnessy (11745955),James O'Shaughnessy,11745955,TE/FLEX,2500,JAX@TEN 12/06/2018 08:20PM ET,JAX,3.4
,,,,,,,,,,TE,MyCole Pruitt (11746047),MyCole Pruitt,11746047,TE/FLEX,2500,JAX@TEN 12/06/2018 08:20PM ET,TEN,0.6
,,,,,,,,,,TE,Beau Brinkley (11746049),Beau Brinkley,11746049,TE/FLEX,2500,JAX@TEN 12/06/2018 08:20PM ET,TEN,0
,,,,,,,,,,TE,Delanie Walker (11746051),Delanie Walker,11746051,TE/FLEX,2500,JAX@TEN 12/06/2018 08:20PM ET,TEN,9.2
,,,,,,,,,,TE,Luke Stocker (11746053),Luke Stocker,11746053,TE/FLEX,2500,JAX@TEN 12/06/2018 08:20PM ET,TEN,2.32
,,,,,,,,,,TE,Blake Bell (11746067),Blake Bell,11746067,TE/FLEX,2500,JAX@TEN 12/06/2018 08:20PM ET,JAX,1.42
,,,,,,,,,,TE,Ben Koyack (11746069),Ben Koyack,11746069,TE/FLEX,2500,JAX@TEN 12/06/2018 08:20PM ET,JAX,0
,,,,,,,,,,TE,Niles Paul (11746071),Niles Paul,11746071,TE/FLEX,2500,JAX@TEN 12/06/2018 08:20PM ET,JAX,3.25
,,,,,,,,,,TE,Austin Seferian-Jenkins (11746073),Austin Seferian-Jenkins,11746073,TE/FLEX,2500,JAX@TEN 12/06/2018 08:20PM ET,JAX,5.2
,,,,,,,,,,TE,Charles Clay (11746088),Charles Clay,11746088,TE/FLEX,2500,NYJ@BUF 12/09/2018 01:00PM ET,BUF,3.68
,,,,,,,,,,TE,Jason Croom (11746090),Jason Croom,11746090,TE/FLEX,2500,NYJ@BUF 12/09/2018 01:00PM ET,BUF,3.39
,,,,,,,,,,TE,Logan Thomas (11746092),Logan Thomas,11746092,TE/FLEX,2500,NYJ@BUF 12/09/2018 01:00PM ET,BUF,2.09
,,,,,,,,,,TE,Jordan Leggett (11746106),Jordan Leggett,11746106,TE/FLEX,2500,NYJ@BUF 12/09/2018 01:00PM ET,NYJ,2.16
,,,,,,,,,,TE,Eric Tomlinson (11746108),Eric Tomlinson,11746108,TE/FLEX,2500,NYJ@BUF 12/09/2018 01:00PM ET,NYJ,1.09
,,,,,,,,,,TE,Garrett Dickerson (11746124),Garrett Dickerson,11746124,TE/FLEX,2500,NYG@WAS 12/09/2018 01:00PM ET,NYG,0
,,,,,,,,,,TE,Scott Simonson (11746126),Scott Simonson,11746126,TE/FLEX,2500,NYG@WAS 12/09/2018 01:00PM ET,NYG,0.8
,,,,,,,,,,TE,Jeremy Sprinkle (11746147),Jeremy Sprinkle,11746147,TE/FLEX,2500,NYG@WAS 12/09/2018 01:00PM ET,WAS,0
,,,,,,,,,,DST,Giants  (11746677),Giants ,11746677,DST,2500,NYG@WAS 12/09/2018 01:00PM ET,NYG,4.92
,,,,,,,,,,TE,Dan Arnold (11746167),Dan Arnold,11746167,TE/FLEX,2500,NO@TB 12/09/2018 01:00PM ET,NO,4.12
,,,,,,,,,,TE,Josh Hill (11746169),Josh Hill,11746169,TE/FLEX,2500,NO@TB 12/09/2018 01:00PM ET,NO,2.83
,,,,,,,,,,TE,Alan Cross (11746180),Alan Cross,11746180,TE/FLEX,2500,NO@TB 12/09/2018 01:00PM ET,TB,0.24
,,,,,,,,,,TE,Antony Auclair (11746182),Antony Auclair,11746182,TE/FLEX,2500,NO@TB 12/09/2018 01:00PM ET,TB,0.8
,,,,,,,,,,TE,Mike Gesicki (11746199),Mike Gesicki,11746199,TE/FLEX,2500,NE@MIA 12/09/2018 01:00PM ET,MIA,2.72
,,,,,,,,,,TE,Durham Smythe (11746201),Durham Smythe,11746201,TE/FLEX,2500,NE@MIA 12/09/2018 01:00PM ET,MIA,0.43
,,,,,,,,,,TE,Nick O'Leary (11746203),Nick O'Leary,11746203,TE/FLEX,2500,NE@MIA 12/09/2018 01:00PM ET,MIA,2.82
,,,,,,,,,,TE,A.J. Derby (11746205),A.J. Derby,11746205,TE/FLEX,2500,NE@MIA 12/09/2018 01:00PM ET,MIA,3.45
,,,,,,,,,,TE,Dwayne Allen (11746222),Dwayne Allen,11746222,TE/FLEX,2500,NE@MIA 12/09/2018 01:00PM ET,NE,0.57
,,,,,,,,,,TE,Jacob Hollister (11746224),Jacob Hollister,11746224,TE/FLEX,2500,NE@MIA 12/09/2018 01:00PM ET,NE,1.53
,,,,,,,,,,TE,James Winchester (11746241),James Winchester,11746241,TE/FLEX,2500,BAL@KC 12/09/2018 01:00PM ET,KC,0
,,,,,,,,,,TE,Deon Yelder (11746243),Deon Yelder,11746243,TE/FLEX,2500,BAL@KC 12/09/2018 01:00PM ET,KC,0
,,,,,,,,,,TE,Demetrius Harris (11746245),Demetrius Harris,11746245,TE/FLEX,2500,BAL@KC 12/09/2018 01:00PM ET,KC,3.69
,,,,,,,,,,TE,Nick Boyle (11746258),Nick Boyle,11746258,TE/FLEX,2500,BAL@KC 12/09/2018 01:00PM ET,BAL,3.4
,,,,,,,,,,TE,Maxx Williams (11746260),Maxx Williams,11746260,TE/FLEX,2500,BAL@KC 12/09/2018 01:00PM ET,BAL,3.06
,,,,,,,,,,TE,Hayden Hurst (11746262),Hayden Hurst,11746262,TE/FLEX,2500,BAL@KC 12/09/2018 01:00PM ET,BAL,2.65
,,,,,,,,,,TE,Jordan Akins (11746275),Jordan Akins,11746275,TE/FLEX,2500,IND@HOU 12/09/2018 01:00PM ET,HOU,2.35
,,,,,,,,,,TE,Ryan Griffin (11746277),Ryan Griffin,11746277,TE/FLEX,2500,IND@HOU 12/09/2018 01:00PM ET,HOU,3.53
,,,,,,,,,,TE,Mo Alie-Cox (11746289),Mo Alie-Cox,11746289,TE/FLEX,2500,IND@HOU 12/09/2018 01:00PM ET,IND,4.87
,,,,,,,,,,TE,Erik Swoope (11746291),Erik Swoope,11746291,TE/FLEX,2500,IND@HOU 12/09/2018 01:00PM ET,IND,5.78
,,,,,,,,,,TE,Ryan Hewitt (11746293),Ryan Hewitt,11746293,TE/FLEX,2500,IND@HOU 12/09/2018 01:00PM ET,IND,0
,,,,,,,,,,TE,Clive Walford (11746804),Clive Walford,11746804,TE/FLEX,2500,IND@HOU 12/09/2018 01:00PM ET,IND,0
,,,,,,,,,,DST,Rams  (11746000),Rams ,11746000,DST,2500,LAR@CHI 12/09/2018 08:20PM ET,LAR,9.83
,,,,,,,,,,TE,Daniel Brown (11746306),Daniel Brown,11746306,TE/FLEX,2500,LAR@CHI 12/09/2018 08:20PM ET,CHI,0
,,,,,,,,,,TE,Patrick Scales (11746308),Patrick Scales,11746308,TE/FLEX,2500,LAR@CHI 12/09/2018 08:20PM ET,CHI,0
,,,,,,,,,,TE,Ben Braunecker (11746310),Ben Braunecker,11746310,TE/FLEX,2500,LAR@CHI 12/09/2018 08:20PM ET,CHI,0.4
,,,,,,,,,,TE,Adam Shaheen (11746312),Adam Shaheen,11746312,TE/FLEX,2500,LAR@CHI 12/09/2018 08:20PM ET,CHI,5.25
,,,,,,,,,,TE,Johnny Mundt (11746326),Johnny Mundt,11746326,TE/FLEX,2500,LAR@CHI 12/09/2018 08:20PM ET,LAR,0
,,,,,,,,,,TE,Greg Olsen (11745764),Greg Olsen,11745764,TE/FLEX,2500,CAR@CLE 12/09/2018 01:00PM ET,CAR,8.9
,,,,,,,,,,TE,Seth DeValve (11746001),Seth DeValve,11746001,TE/FLEX,2500,CAR@CLE 12/09/2018 01:00PM ET,CLE,1.92
,,,,,,,,,,TE,Darren Fells (11746333),Darren Fells,11746333,TE/FLEX,2500,CAR@CLE 12/09/2018 01:00PM ET,CLE,2.38
,,,,,,,,,,TE,Orson Charles (11746335),Orson Charles,11746335,TE/FLEX,2500,CAR@CLE 12/09/2018 01:00PM ET,CLE,0.28
,,,,,,,,,,TE,Pharaoh Brown (11746337),Pharaoh Brown,11746337,TE/FLEX,2500,CAR@CLE 12/09/2018 01:00PM ET,CLE,0
,,,,,,,,,,TE,Chris Manhertz (11746352),Chris Manhertz,11746352,TE/FLEX,2500,CAR@CLE 12/09/2018 01:00PM ET,CAR,0.1
,,,,,,,,,,DST,Panthers  (11746354),Panthers ,11746354,DST,2500,CAR@CLE 12/09/2018 01:00PM ET,CAR,5.42
,,,,,,,,,,TE,Lance Kendricks (11746006),Lance Kendricks,11746006,TE/FLEX,2500,ATL@GB 12/09/2018 01:00PM ET,GB,2.56
,,,,,,,,,,TE,Eric Saubert (11746372),Eric Saubert,11746372,TE/FLEX,2500,ATL@GB 12/09/2018 01:00PM ET,ATL,0.52
,,,,,,,,,,TE,Logan Paulsen (11746374),Logan Paulsen,11746374,TE/FLEX,2500,ATL@GB 12/09/2018 01:00PM ET,ATL,1.77
,,,,,,,,,,TE,Marcedes Lewis (11746388),Marcedes Lewis,11746388,TE/FLEX,2500,ATL@GB 12/09/2018 01:00PM ET,GB,0.58
,,,,,,,,,,TE,Robert Tonyan (11746390),Robert Tonyan,11746390,TE/FLEX,2500,ATL@GB 12/09/2018 01:00PM ET,GB,1.16
,,,,,,,,,,TE,Brian Parker (11746406),Brian Parker,11746406,TE/FLEX,2500,DEN@SF 12/09/2018 04:05PM ET,DEN,0
,,,,,,,,,,TE,Ross Dwelley (11746413),Ross Dwelley,11746413,TE/FLEX,2500,DEN@SF 12/09/2018 04:05PM ET,SF,0.26
,,,,,,,,,,TE,Garrett Celek (11746415),Garrett Celek,11746415,TE/FLEX,2500,DEN@SF 12/09/2018 04:05PM ET,SF,0.99
,,,,,,,,,,TE,Kyle Nelson (11746417),Kyle Nelson,11746417,TE/FLEX,2500,DEN@SF 12/09/2018 04:05PM ET,SF,0
,,,,,,,,,,TE,Temarrick Hemingway (11746808),Temarrick Hemingway,11746808,TE/FLEX,2500,DEN@SF 12/09/2018 04:05PM ET,DEN,0
,,,,,,,,,,TE,Matt Lengel (11746432),Matt Lengel,11746432,TE/FLEX,2500,CIN@LAC 12/09/2018 04:05PM ET,CIN,1.53
,,,,,,,,,,TE,Tyler Eifert (11746434),Tyler Eifert,11746434,TE/FLEX,2500,CIN@LAC 12/09/2018 04:05PM ET,CIN,9.72
,,,,,,,,,,TE,Clark Harris (11746436),Clark Harris,11746436,TE/FLEX,2500,CIN@LAC 12/09/2018 04:05PM ET,CIN,0
,,,,,,,,,,TE,Jordan Franks (11746438),Jordan Franks,11746438,TE/FLEX,2500,CIN@LAC 12/09/2018 04:05PM ET,CIN,1.14
,,,,,,,,,,TE,Hunter Henry (11746455),Hunter Henry,11746455,TE/FLEX,2500,CIN@LAC 12/09/2018 04:05PM ET,LAC,0
,,,,,,,,,,TE,Virgil Green (11746457),Virgil Green,11746457,TE/FLEX,2500,CIN@LAC 12/09/2018 04:05PM ET,LAC,3.32
,,,,,,,,,,TE,Sean Culkin (11746459),Sean Culkin,11746459,TE/FLEX,2500,CIN@LAC 12/09/2018 04:05PM ET,LAC,0.28
,,,,,,,,,,TE,Dalton Schultz (11746477),Dalton Schultz,11746477,TE/FLEX,2500,PHI@DAL 12/09/2018 04:25PM ET,DAL,1.27
,,,,,,,,,,TE,Rico Gathers (11746479),Rico Gathers,11746479,TE/FLEX,2500,PHI@DAL 12/09/2018 04:25PM ET,DAL,0.6
,,,,,,,,,,TE,Blake Jarwin (11746481),Blake Jarwin,11746481,TE/FLEX,2500,PHI@DAL 12/09/2018 04:25PM ET,DAL,1.24
,,,,,,,,,,TE,Geoff Swaim (11746483),Geoff Swaim,11746483,TE/FLEX,2500,PHI@DAL 12/09/2018 04:25PM ET,DAL,6.24
,,,,,,,,,,TE,Dallas Goedert (11746505),Dallas Goedert,11746505,TE/FLEX,2500,PHI@DAL 12/09/2018 04:25PM ET,PHI,5.09
,,,,,,,,,,TE,Richard Rodgers (11746507),Richard Rodgers,11746507,TE/FLEX,2500,PHI@DAL 12/09/2018 04:25PM ET,PHI,0
,,,,,,,,,,TE,Michael Roberts (11746027),Michael Roberts,11746027,TE/FLEX,2500,DET@ARI 12/09/2018 04:25PM ET,DET,5.29
,,,,,,,,,,TE,Luke Willson (11746521),Luke Willson,11746521,TE/FLEX,2500,DET@ARI 12/09/2018 04:25PM ET,DET,1.97
,,,,,,,,,,TE,Darrell Daniels (11746537),Darrell Daniels,11746537,TE/FLEX,2500,DET@ARI 12/09/2018 04:25PM ET,ARI,0
,,,,,,,,,,TE,John Phillips (11746539),John Phillips,11746539,TE/FLEX,2500,DET@ARI 12/09/2018 04:25PM ET,ARI,0
,,,,,,,,,,TE,Jermaine Gresham (11746541),Jermaine Gresham,11746541,TE/FLEX,2500,DET@ARI 12/09/2018 04:25PM ET,ARI,1.48
,,,,,,,,,,TE,Darren Waller (11746557),Darren Waller,11746557,TE/FLEX,2500,PIT@OAK 12/09/2018 04:25PM ET,OAK,0
,,,,,,,,,,TE,Derek Carrier (11746559),Derek Carrier,11746559,TE/FLEX,2500,PIT@OAK 12/09/2018 04:25PM ET,OAK,0.73
,,,,,,,,,,TE,Lee Smith (11746561),Lee Smith,11746561,TE/FLEX,2500,PIT@OAK 12/09/2018 04:25PM ET,OAK,1.74
,,,,,,,,,,TE,Xavier Grimble (11746577),Xavier Grimble,11746577,TE/FLEX,2500,PIT@OAK 12/09/2018 04:25PM ET,PIT,0.92
,,,,,,,,,,TE,David Morgan (11746594),David Morgan,11746594,TE/FLEX,2500,MIN@SEA 12/10/2018 08:15PM ET,MIN,1.08
,,,,,,,,,,TE,Kevin McDermott (11746596),Kevin McDermott,11746596,TE/FLEX,2500,MIN@SEA 12/10/2018 08:15PM ET,MIN,0
,,,,,,,,,,TE,Tyler Conklin (11746598),Tyler Conklin,11746598,TE/FLEX,2500,MIN@SEA 12/10/2018 08:15PM ET,MIN,0.28
,,,,,,,,,,TE,Josiah Price (11746600),Josiah Price,11746600,TE/FLEX,2500,MIN@SEA 12/10/2018 08:15PM ET,MIN,0
,,,,,,,,,,TE,Will Dissly (11746615),Will Dissly,11746615,TE/FLEX,2500,MIN@SEA 12/10/2018 08:15PM ET,SEA,9.65
,,,,,,,,,,TE,Tyler Ott (11746617),Tyler Ott,11746617,TE/FLEX,2500,MIN@SEA 12/10/2018 08:15PM ET,SEA,0
,,,,,,,,,,TE,Ed Dickson (11746619),Ed Dickson,11746619,TE/FLEX,2500,MIN@SEA 12/10/2018 08:15PM ET,SEA,4.77
,,,,,,,,,,DST,Jets  (11746674),Jets ,11746674,DST,2400,NYJ@BUF 12/09/2018 01:00PM ET,NYJ,7.08
,,,,,,,,,,DST,Colts  (11745904),Colts ,11745904,DST,2400,IND@HOU 12/09/2018 01:00PM ET,IND,7.17
,,,,,,,,,,DST,Vikings  (11746729),Vikings ,11746729,DST,2400,MIN@SEA 12/10/2018 08:15PM ET,MIN,8.25
,,,,,,,,,,DST,Redskins  (11746149),Redskins ,11746149,DST,2300,NYG@WAS 12/09/2018 01:00PM ET,WAS,7.83
,,,,,,,,,,DST,Chiefs  (11745892),Chiefs ,11745892,DST,2300,BAL@KC 12/09/2018 01:00PM ET,KC,8.08
,,,,,,,,,,DST,Eagles  (11745834),Eagles ,11745834,DST,2300,PHI@DAL 12/09/2018 04:25PM ET,PHI,5
,,,,,,,,,,DST,Cardinals  (11746726),Cardinals ,11746726,DST,2300,DET@ARI 12/09/2018 04:25PM ET,ARI,6.5
,,,,,,,,,,DST,Ravens  (11745797),Ravens ,11745797,DST,2200,BAL@KC 12/09/2018 01:00PM ET,BAL,7.83
,,,,,,,,,,DST,Bears  (11745768),Bears ,11745768,DST,2200,LAR@CHI 12/09/2018 08:20PM ET,CHI,12
,,,,,,,,,,DST,Browns  (11746003),Browns ,11746003,DST,2200,CAR@CLE 12/09/2018 01:00PM ET,CLE,6.92
,,,,,,,,,,DST,Falcons  (11745921),Falcons ,11745921,DST,2200,ATL@GB 12/09/2018 01:00PM ET,ATL,3.5
,,,,,,,,,,DST,49ers  (11746694),49ers ,11746694,DST,2200,DEN@SF 12/09/2018 04:05PM ET,SF,3.5
,,,,,,,,,,DST,Dolphins  (11745793),Dolphins ,11745793,DST,2100,NE@MIA 12/09/2018 01:00PM ET,MIA,8
,,,,,,,,,,DST,Packers  (11745786),Packers ,11745786,DST,2100,ATL@GB 12/09/2018 01:00PM ET,GB,6.75
,,,,,,,,,,DST,Buccaneers  (11746184),Buccaneers ,11746184,DST,2000,NO@TB 12/09/2018 01:00PM ET,TB,4.5
,,,,,,,,,,DST,Bengals  (11745931),Bengals ,11745931,DST,2000,CIN@LAC 12/09/2018 04:05PM ET,CIN,5.17
,,,,,,,,,,DST,Raiders  (11746563),Raiders ,11746563,DST,2000,PIT@OAK 12/09/2018 04:25PM ET,OAK,2.42
